small_dataset_name,matched_large_dataset_name,final_score
IMDB,"IMDb, Inc.",1.0
TELEBOOK,NO MATCH,0.0
JUNGLEE,NO MATCH,0.0
PLANETALL.COM,"Planetportal.com, Inc.",0.814814814814815
BOOKPAGES,NO MATCH,0.0
LIVEBID,NO MATCH,0.0
EXCHANGE.COM,NO MATCH,0.0
ALEXA.COM,NO MATCH,0.0
ACCEPT.COM,NO MATCH,0.0
CONVERGENCE CORPORATION,Targeted Convergence Corporation,0.8363636363636364
BACK TO BASICS,NO MATCH,0.0
LEEP TECHNOLOGY,LEEF TECHNOLOGY LIMITED,0.9333333333333332
TAVOLO,NO MATCH,0.0
OURHOUSE,NO MATCH,0.0
CDNOW,NO MATCH,0.0
A9,NO MATCH,0.0
GAMERDEAL.TV,NO MATCH,0.0
JOYO.COM,NO MATCH,0.0
BOOKSURGE,"Boisurge, Inc.",0.8235294117647058
MOBIPOCKET.COM,NO MATCH,0.0
CREATESPACE,NO MATCH,0.0
SHOPBOP,NO MATCH,0.0
TEXTPAYME,NO MATCH,0.0
DPREVIEW,NO MATCH,0.0
BRILLIANCE AUDIO,"Brilliance Audio, Inc.",1.0
WITHOUT A BOX,"Without A. Box, Inc.",1.0
AUDIBLE,"Audible, Inc.",1.0
SCREENSELECT,NO MATCH,0.0
BRAFILM,NO MATCH,0.0
SCREENCLICK,NO MATCH,0.0
VIDEO ISLAND,NO MATCH,0.0
LOVEFILM,NO MATCH,0.0
FABRIC.COM,NO MATCH,0.0
BOX OFFICE MOJO,NO MATCH,0.0
JUSTBOOKS,NO MATCH,0.0
BOOKFINDER.COM,NO MATCH,0.0
FILLZ,NO MATCH,0.0
CHRISLANDS,NO MATCH,0.0
ABEBOOKS,AbeBooks Inc.,1.0
SHELFARI,NO MATCH,0.0
REFLEXIVE ENTERTAINMENT,NO MATCH,0.0
IBERLIBRO,NO MATCH,0.0
LEXCYCLE,"Lexcycle, Inc.",1.0
STANZA,NO MATCH,0.0
SNAPTELL,NO MATCH,0.0
ZAPPOS,NO MATCH,0.0
TOUCHCO,NO MATCH,0.0
QUORUS,QUORTUS LIMITED,0.923076923076923
WOOT,NO MATCH,0.0
SONGZA,NO MATCH,0.0
AMIE STREET,NO MATCH,0.0
BUYVIP,NO MATCH,0.0
QUIDSI,"Quidsi, Inc.",1.0
METAWATCH,NO MATCH,0.0
THE BOOK DEPOSITORY,NO MATCH,0.0
PUSHBUTTON,NO MATCH,0.0
YAP,NO MATCH,0.0
TEACHSTREET,NO MATCH,0.0
KIVA SYSTEMS,"Kiva Systems, Inc.",1.0
AVALON BOOKS,NO MATCH,0.0
UPNEXT,NO MATCH,0.0
APPARIO RETAIL,NO MATCH,0.0
IVONA TEXT-TO-SPEECH,NO MATCH,0.0
DISCOVEREADS,DiscoverReady LLC,0.88
GOODREADS,NO MATCH,0.0
EVI,Evis LLC,0.8571428571428572
SCREENTECH,NO MATCH,0.0
LIQUAVISTA,Liquavista B.V.,0.8695652173913043
TENMARKS EDUCATION,NO MATCH,0.0
DOUBLE HELIX GAMES,NO MATCH,0.0
COMIXOLOGY,NO MATCH,0.0
TWITCH,Twitch LLC,1.0
ROOFTOP MEDIA,NO MATCH,0.0
GOODGAME,NO MATCH,0.0
ANNAPURNA LABS,Annapurna Labs Ltd.,1.0
2LEMETRY,NO MATCH,0.0
AMIATO,"Amiato, Inc.",1.0
SHOEFITR,"Shoefitr, Inc.",1.0
CLUSTERK,"CLUSTER, INC.",0.9333333333333332
APPTHWACK,NO MATCH,0.0
AWS ELEMENTAL,NO MATCH,0.0
SAFABA TRANSLATION SOLUTIONS,NO MATCH,0.0
ORBEUS,"Orbeus, Inc.",1.0
PARTPIC,NO MATCH,0.0
NICE,NICE LTD.,1.0
EMVANTAGE PAYMENTS,NO MATCH,0.0
CLOUD9 IDE,NO MATCH,0.0
MMO-CHAMPION,NO MATCH,0.0
CURSE,NO MATCH,0.0
ANGEL.AI,NO MATCH,0.0
BIBA,NO MATCH,0.0
HARVEST.AI,NO MATCH,0.0
THINKBOX SOFTWARE,"Thinking Software, Inc.",0.8235294117647058
DO,NO MATCH,0.0
SUKAR,NO MATCH,0.0
SOUQ,"SOQ, LLC",0.8571428571428572
WFM SELECT FISH,NO MATCH,0.0
WILD OATS MARKETPLACE,NO MATCH,0.0
WHOLE FOODS MARKET,NO MATCH,0.0
GAMESPARKS,"Gamepark, Inc.",0.8888888888888888
GRAPHIQ,NO MATCH,0.0
CLIPMINE,"ClipMine, Inc.",1.0
WING,"Wings, Inc.",0.8888888888888888
BODY LABS,NO MATCH,0.0
IMMEDIA,NO MATCH,0.0
BLINK,BLINK AG,1.0
SQRRL,NO MATCH,0.0
THE ALEXA ACCELERATOR,NO MATCH,0.0
MR. BEAMS,NO MATCH,0.0
RING,"S&A Rings, LLC",0.8888888888888888
PILLPACK,NO MATCH,0.0
TAPZO.,NO MATCH,0.0
REVLO,NO MATCH,0.0
CLOUDENDURE,CloudEndure Ltd.,1.0
TSO LOGIC,TSO Logic Inc.,1.0
DISPATCH,NO MATCH,0.0
THINGTON,NO MATCH,0.0
EERO,eero Inc.,1.0
CANVAS TECHNOLOGY,"Canvas Technology, Inc.",1.0
BEBO,"Bebo, Inc.",1.0
E8 STORAGE,E8 STORAGE SYSTEMS LTD.,0.8464537858963013
IGDB.COM,"IMDB.COM, INC.",0.8571428571428572
INLT,NO MATCH,0.0
HEALTH NAVIGATOR,NO MATCH,0.0
"TEAMSQL, INC.",NO MATCH,0.0
CLIMATE PLEDGE FUND,NO MATCH,0.0
ZOOX,"Zoox, Inc.",1.0
WONDERY,NO MATCH,0.0
UMBRA,Umbra LLC,1.0
DB BEST TECHNOLOGIES,NO MATCH,0.0
SELZ,NO MATCH,0.0
PERPULE,NO MATCH,0.0
EPIX,"Epix, Inc.",1.0
EVOLUTION MEDIA,"Evolution Digital, LLC",0.8125
MGM STUDIOS,NO MATCH,0.0
ART19,"ART19, Inc.",1.0
NET POWER & LIGHT,"NET POWER AND LIGHT, INC.",0.8823529411764706
WICKR,WICKR INC.,1.0
PRIONE,NO MATCH,0.0
PARCELBRIGHT,NO MATCH,0.0
VEEQO,NO MATCH,0.0
STRIO.AI,NO MATCH,0.0
GLOWROAD,NO MATCH,0.0
NETWORK INNOVATIONS,NO MATCH,0.0
ORION NETWORK SYSTEMS,NO MATCH,0.0
STYLEWARE,NO MATCH,0.0
NASHOBA SYSTEMS,NO MATCH,0.0
CORAL SOFTWARE,NO MATCH,0.0
NEXT,NO MATCH,0.0
POWER COMPUTING,NO MATCH,0.0
FILEMAKER,NO MATCH,0.0
XEMPLAR EDUCATION,NO MATCH,0.0
RAYCER GRAPHICS,NO MATCH,0.0
NETSELECTOR,"NetSelector, Inc.",1.0
POWERSCHOOL,NO MATCH,0.0
BLUE FISH LABS,NO MATCH,0.0
SPRUCE TECHNOLOGIES,"Spruce Environmental Technologies, Inc.",0.8777108788490295
NOTHING REAL,NO MATCH,0.0
ZAYANTE,Zayante,1.0
PROPEL SOFTWARE,NO MATCH,0.0
PRISMO GRAPHICS,NO MATCH,0.0
EMAGIC,NO MATCH,0.0
FINGERWORKS,"Fingerworks, Inc.",1.0
SCHEMASOFT,NO MATCH,0.0
BRAEBURN CAPITAL,NO MATCH,0.0
SILICON COLOR,NO MATCH,0.0
PROXIMITY,NO MATCH,0.0
PA SEMI,"P.A. Semi, Inc.",1.0
PLACEBASE,NO MATCH,0.0
LALA,NO MATCH,0.0
RARELIGHT,"Rare Light, Inc.",0.9473684210526316
QUATTRO WIRELESS,NO MATCH,0.0
INTRINSITY,"INTRINSITY, INC.",1.0
SIRI,NO MATCH,0.0
POLY9,NO MATCH,0.0
IMSENSE,NO MATCH,0.0
POLAR ROSE,NO MATCH,0.0
C3 TECHNOLOGIES,3C Technologies Ltd.,0.9333333333333332
ANOBIT TECHNOLOGIES,Anobit Technologies Ltd.,1.0
CHOMP,"Chomp, Inc.",1.0
REDMATICA,NO MATCH,0.0
MOG,"Mog, Inc.",1.0
EZVALIDATION,NO MATCH,0.0
ATRUA TECHNOLOGIES,Atrua Technologies,1.0
UPEK,"Upek, Inc.",1.0
AUTHENTEC,"Authentect, Inc.",0.9473684210526316
PARTICLE,"PARTICLE CO., LTD.",1.0
COLOR LABS INC.,"Color Labs, Inc.",1.0
WIFISLAM,NO MATCH,0.0
CATCH.COM,NO MATCH,0.0
PRIMESENSE,Primesense Ltd,1.0
HOPSTOP.COM,"HOPSTOP.COM, INC.",1.0
LOCATIONARY,LocationDAS INC.,0.8181818181818181
PASSIF SEMICONDUCTOR,Passif Semiconductor Corp.,1.0
MATCHA,NO MATCH,0.0
EMBARK,"Embark, Inc.",1.0
ALGOTRIM,NO MATCH,0.0
CUE,CUE INC.,1.0
ACUNU,NO MATCH,0.0
TOPSY LABS,"Topsy Labs, Inc.",1.0
BROADMAP,NO MATCH,0.0
SNAPPYLABS,NO MATCH,0.0
TESTFLIGHT,NO MATCH,0.0
BURSTLY,"Burst, Inc.",0.8333333333333335
NOVAURIS,Novarits AG,0.875
LUXVUE TECHNOLOGY,NO MATCH,0.0
DAISY LLC,"Daisy, LLC",1.0
BEATS MUSIC,"BEATS MUSIC, LLC",1.0
BEATS ELECTRONICS,"Beats Electronics, LLC",1.0
SPOTSETTER,"Spotter, LLC",0.8235294117647058
BOOKLAMP,NO MATCH,0.0
CONCEPT.IO,"concept.io, Inc.",1.0
PRSS,PRSSV LLC,0.8888888888888888
PRIMEPHONIC,NO MATCH,0.0
UNION BAY NETWORKS,"Union Bay Networks, Inc.",1.0
SEMETRIC,NO MATCH,0.0
CAMEL AUDIO,NO MATCH,0.0
AKIBAN TECHNOLOGIES,"Akiban Technologies, Inc.",1.0
FOUNDATIONDB,"FoundationDB, LLC",1.0
OTTOCAT,NO MATCH,0.0
DRYFT,NO MATCH,0.0
LINX IMAGING,NO MATCH,0.0
COHERENT NAVIGATION,"Coherent Navigation, Inc.",1.0
METAIO,NO MATCH,0.0
PRIVARIS,"Privaris, Inc.",1.0
MAPSENSE,NO MATCH,0.0
VOCALIQ,NO MATCH,0.0
PERCEPTIO,Percept,0.875
INFOSNAP,NO MATCH,0.0
FACESHIFT,faceshift AG,1.0
EMOTIENT,"Emotient, Inc.",1.0
LEARNSPROUT,NO MATCH,0.0
FLYBY MEDIA,"Flyby Media, Inc.",1.0
LEGBACORE,NO MATCH,0.0
INTERACTIVE ACHIEVEMENT,NO MATCH,0.0
TIENET SOLUTIONS,Mergenet Solutions,0.8235294117647058
"HAIKU LEARNING, INC.",NO MATCH,0.0
TURI,NO MATCH,0.0
SRB EDUCATION SOLUTIONS,NO MATCH,0.0
GLIIMPSE,NO MATCH,0.0
TUPLEJUMP,NO MATCH,0.0
HUNTER SYSTEMS,NO MATCH,0.0
CHALKABLE,NO MATCH,0.0
INDOOR.IO,NO MATCH,0.0
SUNGARD K-12,NO MATCH,0.0
REALFACE,NO MATCH,0.0
WORKFLOW,NO MATCH,0.0
BEDDIT,NO MATCH,0.0
LATTICE,"Latticework, Inc.",0.9194135665893555
SENSOMOTORIC INSTRUMENTS (SMI),Sensomotoric Instruments GmbH,0.9122807017543859
REGAIND,NO MATCH,0.0
POWERBYPROXI,PowerbyProxi Limited,1.0
INVISAGE TECHNOLOGIES,"INVISAGE TECHNOLOGIES, INC.",1.0
VRVANA,VRVANA INC.,1.0
SPEKTRAL,NO MATCH,0.0
POP UP ARCHIVE,NO MATCH,0.0
TUNEZEE,NO MATCH,0.0
SHAZAM ENTERTAINMENT,Shazam Entertainment Limited,1.0
AC WELLNESS,Aceso Wellness LLC,0.88
NEXT ISSUE MEDIA,Next Issue Media,1.0
TEXTURE BY NEXT ISSUE,NO MATCH,0.0
SCHOOLSPRING,NO MATCH,0.0
NETCHEMIA,NO MATCH,0.0
SEARCHSOFT SOLUTIONS,NO MATCH,0.0
TEACHERMATCH,NO MATCH,0.0
TRUENORTHLOGIC,NO MATCH,0.0
PERFORMANCE MATTERS,NO MATCH,0.0
BEATHOME.COM,NO MATCH,0.0
LUMEWAVE,NO MATCH,0.0
AKONIA HOLOGRAPHICS,Akonia Holographics LLC,1.0
SITEL SEMICONDUCTOR,SiTel Semiconductor B.V.,0.926829268292683
IWATT,iWatt Inc.,1.0
SILEGO TECHNOLOGY,SILEGO TECHNOLOGY INC.,1.0
DIALOG SEMICONDUCTOR,DIALOG SEMICONDUCTOR INC.,1.0
ASAII,NO MATCH,0.0
SILK LABS,NO MATCH,0.0
PLATOON,NO MATCH,0.0
CAMERAI,NO MATCH,0.0
DATATIGER,NO MATCH,0.0
PULLSTRING,"PULLSTRING, INC.",1.0
LASERLIKE,"Laserlike, Inc.",1.0
STAMPLAY,NO MATCH,0.0
TUEO HEALTH,Tula Health Inc,0.8181818181818181
DRIVE.AI,drive.ai Inc.,1.0
FASHWELL,NO MATCH,0.0
IKINEMA,NO MATCH,0.0
CREATIVE CHIPS,NO MATCH,0.0
SCHOOLOGY,NO MATCH,0.0
SPECTRAL EDGE,SPECTRAL EDGE LIMITED,1.0
XNOR.AI,"XNOR.ai, Inc.",1.0
S3 SEMICONDUCTORS,NO MATCH,0.0
ECHELON,NO MATCH,0.0
ADESTO TECHNOLOGIES,NO MATCH,0.0
THE DARK SKY COMPANY,NO MATCH,0.0
VOYSIS,"Vysis, Inc.",0.9090909090909091
NEXTVR,NextVR Inc.,1.0
INDUCTIV,NO MATCH,0.0
FLEETSMITH,NO MATCH,0.0
MOBEEWAVE,"MOBEEWAVE, INC.",1.0
SPACES,Space,0.9090909090909091
SCOUT FM,NO MATCH,0.0
VILYNX,"Vilynx, Inc.",1.0
WHITEWATER LEARNING,NO MATCH,0.0
MIZUNI,Mizumo Corp.,0.8236973285675049
DECISION INSITE,NO MATCH,0.0
TEMBO,NO MATCH,0.0
HOONUIT,NO MATCH,0.0
HOBSONS - INTERSECT,NO MATCH,0.0
SOURCEDNA,"SourceDNA, Inc.",1.0
"PAWS, INC",NO MATCH,0.0
KICKBOARD,NO MATCH,0.0
KINVOLVED,NO MATCH,0.0
AI MUSIC,AI Music Limited,1.0
CREDIT KUDOS,NO MATCH,0.0
UBER ELEVATE,NO MATCH,0.0
JOBY AVIATION,"Joby Aviation, Inc.",1.0
PARAKEY,NO MATCH,0.0
FRIENDFEED,NO MATCH,0.0
MESSENGER,NO MATCH,0.0
OCTAZEN SOLUTIONS,NO MATCH,0.0
DIVVYSHOT,NO MATCH,0.0
SHAREGROVE,NO MATCH,0.0
HOT POTATO,NO MATCH,0.0
CHAI LABS,NO MATCH,0.0
NEXTSTOP,NO MATCH,0.0
DROP.IO,D.R.O.P.I.C.,0.8333333333333335
ZENBE,NO MATCH,0.0
REL8TION,NO MATCH,0.0
PURSUIT,NO MATCH,0.0
BELUGA,NO MATCH,0.0
SNAPTU,NO MATCH,0.0
DAYTUM,NO MATCH,0.0
SOFA,NO MATCH,0.0
PUSH POP PRESS,NO MATCH,0.0
DIGITAL STAIRCASE,NO MATCH,0.0
STROBE,NO MATCH,0.0
MAILRANK,"MailRank, Inc.",1.0
WHOGLUE,"Whoglue, Inc.",1.0
GOWALLA (ACQUIRED BY FACEBOOK),NO MATCH,0.0
SENDOID,NO MATCH,0.0
FRIEND.LY,"Friendly, Inc.",1.0
GAZEHAWK,NO MATCH,0.0
INSTAGRAM,NO MATCH,0.0
TAGTILE,NO MATCH,0.0
GLANCEE,"Glance, LLC",0.923076923076923
LIGHTBOX,"BRIGHTBOX, INC.",0.8235294117647058
KARMA,"Karma, Inc.",1.0
PIECEABLE,NO MATCH,0.0
FACE.COM,"Facecon Co., Ltd.",0.8571428571428572
BOLT | PETERS,NO MATCH,0.0
SPOOL,NO MATCH,0.0
ACRYLIC SOFTWARE,NO MATCH,0.0
THREADSY,"THREADY, INC.",0.9333333333333332
ATLAS SOLUTIONS,NO MATCH,0.0
STORYLANE,NO MATCH,0.0
HOT STUDIO,NO MATCH,0.0
OSMETA,NO MATCH,0.0
SPACEPORT.IO,NO MATCH,0.0
PARSE,PARSE INC.,1.0
MONOIDICS,NO MATCH,0.0
JIBBIGO,NO MATCH,0.0
LUMA.IO,NO MATCH,0.0
ONAVO,NO MATCH,0.0
SPORTSTREAM,NO MATCH,0.0
BRANCH,NO MATCH,0.0
WHATSAPP,WhatsApp LLC,1.0
OCULUS,"Oculus VR, LLC",0.8829332590103149
ASCENTA (UK),NO MATCH,0.0
PROTOGEO,NO MATCH,0.0
MOVES,NO MATCH,0.0
PRYTE,NO MATCH,0.0
CARBON DESIGN GROUP,NO MATCH,0.0
LITTLE EYE LABS,NO MATCH,0.0
RAKNET,NO MATCH,0.0
PRIVATECORE,NO MATCH,0.0
LIVERAIL,NO MATCH,0.0
NIMBLE VR,"Nimble TV, Inc.",0.8888888888888888
13TH LAB,NO MATCH,0.0
WIT.AI,NO MATCH,0.0
QUICKFIRE NETWORKS,NO MATCH,0.0
TEEHAN+LAX,NO MATCH,0.0
GLIMPSE.COM,NO MATCH,0.0
ISTOREZ,NO MATCH,0.0
"THEFIND, INC.","TheFind, Inc.",1.0
TUGBOAT YARDS,NO MATCH,0.0
SURREAL VISION LTD,"Real Vision Co., Ltd.",0.88
PEBBLES INTERFACES,NO MATCH,0.0
ENDAGA,NO MATCH,0.0
OCULUS MEDIUM,NO MATCH,0.0
MASQUERADE,NO MATCH,0.0
TWO BIG EARS LTD,NO MATCH,0.0
SNIBBE STUDIO,NO MATCH,0.0
EYEGROOVE,"EYEGROOVE, INC.",1.0
NASCENT OBJECTS INC,NO MATCH,0.0
INFINILED,NO MATCH,0.0
CROWDTANGLE,NO MATCH,0.0
THE EYE TRIBE,THE EYE TRIBE APS,0.8666666666666667
SOURCE3,NO MATCH,0.0
OZLO,NO MATCH,0.0
FAYTEQ AG,FAYTEQ AG,1.0
TBH,NO MATCH,0.0
CONFIRM,CONFIRMA INC,0.9333333333333332
BLOOMSBURY AI,NO MATCH,0.0
REDKIX,"REDKIX, INC.",1.0
VIDPRESSO,NO MATCH,0.0
REFDASH,NO MATCH,0.0
DREAMBIT,NO MATCH,0.0
GROKSTYLE,NO MATCH,0.0
SONICS,"Sonics, Inc.",1.0
SERVICEFRIEND,SERVICE FRIENDZ LTD.,0.9285714285714286
CTRL-LABS,NO MATCH,0.0
BEAT GAMES (BEAT SABER),NO MATCH,0.0
ATLAS ML,NO MATCH,0.0
PLAYGIGA,NO MATCH,0.0
PACKAGD,NO MATCH,0.0
NOVI,NOVI LLC,1.0
SCAPE TECHNOLOGIES,NO MATCH,0.0
SANZARU GAMES,NO MATCH,0.0
NUTMEG,NO MATCH,0.0
GIPHY CAPTURE,NO MATCH,0.0
IMOJI,NO MATCH,0.0
ELECTRIC OBJECTS,NO MATCH,0.0
SLASH KEYBOARD,NO MATCH,0.0
GIPHY,"GIPHY, INC.",1.0
MAPILLARY,MAPILLARY AB,0.8571428571428572
READY AT DAWN,NO MATCH,0.0
LEMNIS TECHNOLOGIES,NO MATCH,0.0
REPLY.AI,NO MATCH,0.0
KUSTOMER,NO MATCH,0.0
DOWNPOUR INTERACTIVE,NO MATCH,0.0
UNIT 2 GAMES,NO MATCH,0.0
BIGBOX VR,NO MATCH,0.0
AI.REVERIE,NO MATCH,0.0
WITHIN (VR/AR),NO MATCH,0.0
IMAGINEOPTIX,NO MATCH,0.0
PRESIZE.AI,NO MATCH,0.0
INSTANTIATIONS,"Instantations, Inc.",0.962962962962963
BLOGGER,NO MATCH,0.0
DEJA,"Deja, Inc.",1.0
OUTRIDE,NO MATCH,0.0
PYRA LABS,NO MATCH,0.0
APPLIED SEMANTICS,"Applied Semantics, Inc.",1.0
NEOTONIC SOFTWARE,"Tonic Software, Inc.",0.9032258064516128
KALTIX,NO MATCH,0.0
GENIUS LABS,NO MATCH,0.0
SPRINKS,"Sprink, Inc.",0.923076923076923
GMAIL,NO MATCH,0.0
IGNITE LOGIC,NO MATCH,0.0
ZIPDASH,NO MATCH,0.0
WHERE 2 TECHNOLOGIES,NO MATCH,0.0
KEYHOLE INC.,NO MATCH,0.0
REQWIRELESS,NO MATCH,0.0
URCHIN SOFTWARE,NO MATCH,0.0
DODGEBALL,NO MATCH,0.0
ANDROID,NO MATCH,0.0
TRANSFORMIC,NO MATCH,0.0
SKIA,SKIA,1.0
AKWAN INFORMATION TECHNOLOGIES,NO MATCH,0.0
PHATBITS,NO MATCH,0.0
ALLPAY,"All-Pak, Inc.",0.8333333333333335
BRUNET,Bruandet SA,0.8571428571428572
DMARC BROADCASTING,NO MATCH,0.0
MEASURE MAP,NO MATCH,0.0
UPSTARTLE,Upstarts,0.8235294117647058
SKETCHUP,NO MATCH,0.0
ORION,NO MATCH,0.0
2WEB TECHNOLOGIES,"Metaweb Technologies, Inc.",0.8648648648648648
NEVEN VISION,NO MATCH,0.0
YOUTUBE,NO MATCH,0.0
JOTSPOT,NO MATCH,0.0
ENDOXON,NO MATCH,0.0
ADSCAPE,NO MATCH,0.0
TRENDALYZER,TRENDALYZE INC.,0.9523809523809522
TONIC SYSTEMS,NO MATCH,0.0
MARRATECH,MAROTECH INC.,0.8235294117647058
BLOGBEAT LLC,NO MATCH,0.0
KOSISO - STORE,NO MATCH,0.0
GREENBORDER,NO MATCH,0.0
PANORAMIO,NO MATCH,0.0
PEAKSTREAM,NO MATCH,0.0
ZENTER,NO MATCH,0.0
GRANDCENTRAL,NO MATCH,0.0
POSTINI,"Postini, Inc.",1.0
"IMAGE AMERICA, INC.","Images of America, Inc.",0.8666666666666667
TIANYA.CN,NO MATCH,0.0
ZINGKU,NO MATCH,0.0
JAIKU,NO MATCH,0.0
NETGRAVITY,NO MATCH,0.0
SMARTPATH INC,NO MATCH,0.0
PERFORMICS,"Performics, Inc.",1.0
FALK ESOLUTIONS,NO MATCH,0.0
DOUBLECLICK,DoubleClick Inc.,1.0
ZAO BEGUN,NO MATCH,0.0
OMNISIO,"Omnisci, Inc.",0.8571428571428572
TNC,"TNCO, Inc.",0.8571428571428572
GV,GV S.A.,1.0
WAYMO,Waymo LLC,1.0
HANTRO PRODUCTS,Hantro Products Oy,0.9090909090909091
ON2 TECHNOLOGIES,"On2 Technologies, Inc.",1.0
RECAPTCHA,NO MATCH,0.0
ADWHIRL,NO MATCH,0.0
ADMOB,NO MATCH,0.0
GIZMOFIVE,NO MATCH,0.0
TERACENT,NO MATCH,0.0
APPJET,"APJeT, Inc.",0.9090909090909091
DOCVERSE,NO MATCH,0.0
JIGSAW,JIG-SAW INC.,1.0
X: ALPHABET’S MOONSHOT FACTORY,NO MATCH,0.0
SECUREMEDIA,NO MATCH,0.0
SAYNOW,NO MATCH,0.0
AARDVARK,AARDVARK,1.0
REMAIL,NO MATCH,0.0
PICNIK,NO MATCH,0.0
EPISODIC,NO MATCH,0.0
PLINK SOLUTIONS,NO MATCH,0.0
PLINK SEARCH,NO MATCH,0.0
AGNILUX,NO MATCH,0.0
LABPIXIES,NO MATCH,0.0
BUMPTOP,NO MATCH,0.0
GLOBAL IP SOLUTIONS,"GLOBAL IP SOLUTIONS, INC.",1.0
SIMPLIFY MEDIA,NO MATCH,0.0
RUBA,NO MATCH,0.0
INVITE MEDIA,NO MATCH,0.0
FREEBASE,NO MATCH,0.0
METAWEB TECHNOLOGIES,"Metaweb Technologies, Inc.",1.0
HANDIPOINTS,NO MATCH,0.0
SLIDE,NO MATCH,0.0
JAMBOOL,NO MATCH,0.0
ZETAWIRE,NO MATCH,0.0
WEARDROBE,NO MATCH,0.0
LIKE.COM,Like.com,1.0
ANGSTRO,NO MATCH,0.0
SOCIALDECK,NO MATCH,0.0
MENTORWAVE TECHNOLOGIES,Mentorwave Technologies Ltd.,1.0
QUIKSEE,NO MATCH,0.0
PLANNR,NO MATCH,0.0
BLINDTYPE,NO MATCH,0.0
PHONETIC ARTS,"Phonetics, Inc.",0.8181818181818181
WIDEVINE TECHNOLOGIES,"Widevine Technologies, Inc.",1.0
ZECTER,NO MATCH,0.0
LOON,Loon LLC,1.0
EBOOK TECHNOLOGIES,NO MATCH,0.0
FFLICK,NO MATCH,0.0
3LM,NO MATCH,0.0
ZYNAMICS,NO MATCH,0.0
NEXT NEW NETWORKS,NO MATCH,0.0
BEATTHATQUOTE.COM,NO MATCH,0.0
GREEN PARROT PICTURES,NO MATCH,0.0
DREAMPARK,Dreampark AB,0.8571428571428572
PUSHLIFE,NO MATCH,0.0
ITA SOFTWARE,"ITA Software, Inc.",1.0
TALKBIN,NO MATCH,0.0
NUMOVIS INC,NO MATCH,0.0
MODU,Modu Ltd.,1.0
SPARKBUY,NO MATCH,0.0
ADMELD,NO MATCH,0.0
POSTRANK,NO MATCH,0.0
SAGETV,NO MATCH,0.0
PUNCHD,Punchh Inc.,0.8333333333333335
JUSTSPOTTED,NO MATCH,0.0
FRIDGE,NO MATCH,0.0
PITTPATT,NO MATCH,0.0
THE DEALMAP,Dealmap Inc.,0.851134181022644
ZAVE NETWORKS,"Azaire Networks, Inc.",0.8571428571428572
REDUTI,NO MATCH,0.0
DAILYDEAL,NO MATCH,0.0
SOCIALGRAPPLE,NO MATCH,0.0
ZAGAT,NO MATCH,0.0
APTURE,NO MATCH,0.0
KATANGO,NO MATCH,0.0
RIGHTSFLOW,NO MATCH,0.0
CLEVER SENSE,NO MATCH,0.0
SETJAM,NO MATCH,0.0
CAMPUS,"Campus 1, Inc.",0.8571428571428572
MILK,NO MATCH,0.0
TXVIA,NO MATCH,0.0
MOTOROLA MOBILITY,Motorola Mobility LLC,1.0
KIKSCORE,NO MATCH,0.0
MINDSET MEDIA,NO MATCH,0.0
MEEBO,Meebo Inc.,1.0
DYNOPLEX,NO MATCH,0.0
QUICKOFFICE,NO MATCH,0.0
SPARROW,"SPARROW CO., LTD",1.0
WILDFIRE,"Wildfire, Inc.",1.0
FROMMER'S,NO MATCH,0.0
VIRUSTOTAL,VirusTotal SLU,0.8333333333333335
"NIK SOFTWARE, INC.","Nik Software, Inc.",1.0
VIEWDLE,Viewdle Inc.,1.0
INCENTIVE TARGETING,NO MATCH,0.0
BUFFERBOX,NO MATCH,0.0
CAPITALG,NO MATCH,0.0
VCOMMERCE,NO MATCH,0.0
CHANNEL INTELLIGENCE,"Channel Intelligence, Inc.",1.0
PHYZIOS,"Phyzio, Inc.",0.923076923076923
DNNRESEARCH,NO MATCH,0.0
TALARIA,The Talaria Company,0.8541483283042908
BEHAVIO,NO MATCH,0.0
WAVII,WAVI Co.,0.8888888888888888
MYENERGY,NO MATCH,0.0
MAKANI POWER,"Makani Power, Inc.",1.0
WAZE,NO MATCH,0.0
WIMM LABS,"WIMM Labs, Inc.",1.0
BUMP TECHNOLOGIES,"Bump Technologies, Inc.",1.0
CALICO,NO MATCH,0.0
FLUTTER,Flutterlab Ltd,0.8235294117647058
FLEXYCORE,NO MATCH,0.0
SCHAFT,Schaft Inc.,1.0
INDUSTRIAL PERECEPTION INC.,NO MATCH,0.0
REDWOOD ROBOTICS,Redwood Robotics Inc.,1.0
MEKA ROBOTICS,"Meka Robotics, LLC",1.0
HOLOMNI,"Holomar, Inc.",0.8484916687011719
BOT & DOLLY,"Bot & Dolly, LLC",1.0
BOSTON DYNAMICS,"Boston Dynamics, Inc.",1.0
GRIDCENTRIC,Gridcentric Inc.,1.0
SIDEWALK LABS,Sidewalk Labs LLC,1.0
NEST LABS,"Nest Labs, Inc.",1.0
IMPERMIUM,"Impyrium, Inc.",0.8235294117647058
DEEPMIND,NO MATCH,0.0
SLICKLOGIN,NO MATCH,0.0
SPIDER.IO,NO MATCH,0.0
GREEN THROTTLE GAMES,"Green Throttle Games, Inc.",1.0
TITAN AEROSPACE,NO MATCH,0.0
RANGESPAN,NO MATCH,0.0
ADOMETRY BY GOOGLE,NO MATCH,0.0
APPETAS,NO MATCH,0.0
STACKDRIVER,NO MATCH,0.0
QUEST VISUAL,NO MATCH,0.0
DIVIDE,NO MATCH,0.0
TERRA BELLA,NO MATCH,0.0
ALPENTAL TECHNOLOGIES,"ALGETERNAL TECHNOLOGIES, LLC",0.8636363636363636
MDIALOG,NO MATCH,0.0
DROPCAM,NO MATCH,0.0
CISIMPLE,NO MATCH,0.0
APPURIFY,"Appurify, Inc.",1.0
CIINOW,NO MATCH,0.0
DRAWELEMENTS,NO MATCH,0.0
LITTLE LACE BOX,NO MATCH,0.0
DIRECTR,NO MATCH,0.0
EMU MESSENGER,NO MATCH,0.0
JETPAC,NO MATCH,0.0
GECKO DESIGN INC.,NO MATCH,0.0
ZYNC RENDER,NO MATCH,0.0
POLAR,"POLAR & CO., INC.",1.0
LIFT LABS,NO MATCH,0.0
TAGGPIC (ACQUIRED BY GOOGLE),NO MATCH,0.0
FIREBASE,NO MATCH,0.0
DARK BLUE LABS,NO MATCH,0.0
VISION FACTORY,NO MATCH,0.0
REVOLV,NO MATCH,0.0
RELATIVEWAVE,NO MATCH,0.0
VIDMAKER,Vidmar AG,0.8571428571428572
VERILY,NO MATCH,0.0
GRANATA DECISION SYSTEMS,NO MATCH,0.0
LAUNCHPAD TOYS,NO MATCH,0.0
ODYSEE,NO MATCH,0.0
TORO,THE TORO COMPANY,0.8820713758468628
APPORTABLE,NO MATCH,0.0
SOFTCARD,NO MATCH,0.0
THRIVE AUDIO,NO MATCH,0.0
SKILLMAN & HACKETT,NO MATCH,0.0
TIMEFUL,NO MATCH,0.0
PULSE.IO,"PULSE, LLC",0.8333333333333335
AGAWI INC,NO MATCH,0.0
PIXATE,"Pixate, Inc.",1.0
AKM3,NO MATCH,0.0
OYSTER,NO MATCH,0.0
JIBE MOBILE,Jibe Mobile,1.0
DIVSHOT,NO MATCH,0.0
DIGISFERA,NO MATCH,0.0
DIGITAL NEWS INITIATIVE INNOVATION FUND,NO MATCH,0.0
FLY LABS,NO MATCH,0.0
BEBOP,"Bebo, Inc.",0.8888888888888888
BANDPAGE,NO MATCH,0.0
PIE,NO MATCH,0.0
HARK,NO MATCH,0.0
SUBARCTIC LIMITED,NO MATCH,0.0
SYNERGYSE,NO MATCH,0.0
WEBPASS,NO MATCH,0.0
MOODSTOCKS,NO MATCH,0.0
ANVATO,"Anvato, Inc.",1.0
KIFI,NO MATCH,0.0
LAUNCHKIT,NO MATCH,0.0
ORBITERA,"Orbiter, Inc.",0.9333333333333332
USERGRID,NO MATCH,0.0
WHOLESALE APPLICATION COMMUNITY (WAC) APPLICATION SERVICES LTD.,NO MATCH,0.0
INSIGHTSONE,NO MATCH,0.0
APIGEE,NO MATCH,0.0
URBAN ENGINES,"URBAN ENGINES, INC.",1.0
DIALOGFLOW,NO MATCH,0.0
UNDECIDABLE LABS,NO MATCH,0.0
RE FAME,NO MATCH,0.0
FAMEBIT,NO MATCH,0.0
EYEFLUENCE,"EYEFLUENCE, INC.",1.0
LEAPDROID,NO MATCH,0.0
OUTLEARN,NO MATCH,0.0
QWIKLABS,NO MATCH,0.0
CRONOLOGICS CORPORATION,NO MATCH,0.0
GRADIENT VENTURES,"Gradient Enterprises, Inc.",0.8108108108108109
LIMES AUDIO,Limes Audio AB,0.88
FIRETOWER.APP,NO MATCH,0.0
FASTLANE,NO MATCH,0.0
CRASHLYTICS,"Crashlytics, Inc.",1.0
KAGGLE,NO MATCH,0.0
APPBRIDGE,NO MATCH,0.0
OWLCHEMY LABS,NO MATCH,0.0
HALLI LABS,Hall Labs LLC,0.9473684210526316
REDUX ST,NO MATCH,0.0
SENOSIS HEALTH,"SENSAL HEALTH, LLC",0.814814814814815
AIMATTER,"AIMATTERS, INC.",0.9411764705882352
HTC - PIXEL PHONE DIVISION,NO MATCH,0.0
BITIUM,"BITIUM, INC.",1.0
RELAY MEDIA,NO MATCH,0.0
60DB,NO MATCH,0.0
CHRONICLE,Chronicle LLC,1.0
XIVELY,NO MATCH,0.0
BANTER,Banter Limited,1.0
TENOR INC,"Tenoroc, LLC",0.8333333333333335
VELOSTRATA,VELOSTRATA LTD.,1.0
CASK,NO MATCH,0.0
GRAPHICSFUZZ,NO MATCH,0.0
ONWARD,NO MATCH,0.0
WORKBENCH PLATFORM,NO MATCH,0.0
WHERE IS MY TRAIN,NO MATCH,0.0
DEVOPS RESEARCH AND ASSESSMENT,NO MATCH,0.0
ALOOMA,NO MATCH,0.0
KINEMA SYSTEMS,Kinema Systems Inc.,1.0
LOOKER,"Looker, Inc.",1.0
ELASTIFILE,Elastifile Ltd.,1.0
SOCRATIC,NO MATCH,0.0
YOUTUBE KIDS,NO MATCH,0.0
SWITCH2HEALTH,Switch2Health,1.0
FITSTAR (ACQ. BY FITBIT),NO MATCH,0.0
COIN,NO MATCH,0.0
PEBBLE,Pebble-i Inc.,0.923076923076923
VECTOR WATCH,NO MATCH,0.0
TWINE HEALTH,"TWIN HEALTH, INC.",0.9565217391304348
FITBIT,"FITBIT, LLC",1.0
CLOUDSIMPLE,NO MATCH,0.0
LATENT LOGIC,NO MATCH,0.0
TYPHOON STUDIOS,NO MATCH,0.0
POINTY,NO MATCH,0.0
APPSHEET,NO MATCH,0.0
HIRE,NO MATCH,0.0
CORNERSTONE,"Cornerstone CM, Inc.",0.88
NORTH,NORTH INC.,1.0
ACTIFIO,"Actifio, Inc.",1.0
ACTIFO,"Actifo, Inc.",1.0
DATAFORM,NO MATCH,0.0
FLINT INNOVATIONS LIMITED,NO MATCH,0.0
NEVERWARE,NO MATCH,0.0
DYSONICS,NO MATCH,0.0
PROVINO TECHNOLOGIES,"PROVINO TECHNOLOGIES, INC.",1.0
SIGNALPATH,"SignalPath, LLC",1.0
MUJOCO,NO MATCH,0.0
TEMPOW,NO MATCH,0.0
SIMSIM,NO MATCH,0.0
SIEMPLIFY,NO MATCH,0.0
UNVEILLANCE,NO MATCH,0.0
INTRIGUE CORPORATION,Integrien Corporation,0.878048780487805
MANDIANT,"Mandiant, Inc.",1.0
RAXIUM,"RAXIUM, INC.",1.0
MOBILEDGEX,NO MATCH,0.0
VISUAL STUDIO,NO MATCH,0.0
FORETHOUGHT,NO MATCH,0.0
CONSUMERS SOFTWARE,NO MATCH,0.0
MICROSOFT RESEARCH,NO MATCH,0.0
FOX SOFTWARE,FOXIT SOFTWARE INC.,0.923076923076923
SOFTIMAGE,Softimage,1.0
ALTAMIRA SOFTWARE,NO MATCH,0.0
NEXTBASE,NO MATCH,0.0
ONE TREE SOFTWARE LTD,NO MATCH,0.0
MSN,MSNW LLC,0.8571428571428572
RAZORFISH,NO MATCH,0.0
RENDERMORPHICS,NO MATCH,0.0
NETWORK MANAGERS,NO MATCH,0.0
BLUE RIBBON SOUNDWORKS,NO MATCH,0.0
NETWISE,NO MATCH,0.0
BRUCE ARTWICK ORGANIZATION,NO MATCH,0.0
SOFTARTISANS,NO MATCH,0.0
VERMEER TECHNOLOGIES,"Vermeer Technologies, Inc.",1.0
COLUSA SOFTWARE,NO MATCH,0.0
EXOS,NO MATCH,0.0
ASPECT SOFTWARE INC,"ASPECT SOFTWARE, INC.",1.0
ESHOP,NO MATCH,0.0
ELECTRIC GRAVITY,NO MATCH,0.0
NETCARTA,NO MATCH,0.0
MICROSOFT ADVERTISING,NO MATCH,0.0
INTERSE,INTERSEC,0.9333333333333332
WEBTV NETWORKS,"WebTV Networks, Inc.",1.0
DIMENSION X,"DIMENSION, INC.",0.9
COOPER & PETERS,NO MATCH,0.0
LINKAGE SOFTWARE,NO MATCH,0.0
VXTREME,NO MATCH,0.0
HOTMAIL,TMail Inc.,0.8333333333333335
WINDOWS LIVE HOTMAIL,NO MATCH,0.0
FIREFLY NETWORK,"Firefly Network, Inc.",1.0
MESA GROUP,NO MATCH,0.0
MERCHANT PLANET,NO MATCH,0.0
VALENCE TECHNOLOGY,"Valence Technology, Inc.",1.0
VALENCE RESEARCH,NO MATCH,0.0
SUBMIT IT!,NO MATCH,0.0
LINKEXCHANGE,NO MATCH,0.0
FASA INTERACTIVE,NO MATCH,0.0
COMPARENET,NO MATCH,0.0
NUMINOUS TECHNOLOGIES,NO MATCH,0.0
JUMP NETWORKS,NO MATCH,0.0
SHADOWFACTOR SOFTWARE,NO MATCH,0.0
OMNIBROWSE,NO MATCH,0.0
SENDIT,NO MATCH,0.0
ZOOMIT,NO MATCH,0.0
STNC,NO MATCH,0.0
INTRINSA,NO MATCH,0.0
I-CUBE,iCube Corp.,1.0
VISIO CORPORATION,Visto Corporation,0.9411764705882352
SOFTWAY SYSTEMS,NO MATCH,0.0
ENTROPIC,NO MATCH,0.0
ENTROPIC RESEARCH LABORATORIES,NO MATCH,0.0
AVANADE,NO MATCH,0.0
XBOX GAME STUDIOS,NO MATCH,0.0
PEACH NETWORKS,NO MATCH,0.0
BUNGIE,"Bungie, Inc.",1.0
NETGAMES,Net Game Limited,0.875
MONGOMUSIC,NO MATCH,0.0
PACIFIC MICROSONICS,"Pacific Microsonics, Inc.",1.0
DIGITAL ANVIL,NO MATCH,0.0
GREAT PLAIN SOFTWARE,NO MATCH,0.0
GREAT PLAINS SOFTWARE,NO MATCH,0.0
TURN 10 STUDIOS,NO MATCH,0.0
NCOMPASS LABS,NO MATCH,0.0
XDEGREES,NO MATCH,0.0
NAVISION,"Nvision, Inc.",0.9333333333333332
RARE,RARE INC.,1.0
VICINITY CORPORATION,Vicinity Corporation,1.0
CONNECTIX,NO MATCH,0.0
PELICAN SECURITY,NO MATCH,0.0
PLACEWARE,"Placeware, Inc.",1.0
RAV ANTIVIRUS,NO MATCH,0.0
ELOQUENT TECHNOLOGY,NO MATCH,0.0
ACTIVEVIEWS,NO MATCH,0.0
LOOKOUT SOFTWARE,NO MATCH,0.0
GIANT COMPANY SOFTWARE,Red Giant Software,0.875
SYBARI,NO MATCH,0.0
GROOVE NETWORKS,"Groove Networks, Inc.",1.0
MESSAGECAST,NO MATCH,0.0
FRONTBRIDGE TECHNOLOGIES,FRONTGRADE TECHNOLOGIES INC.,0.8936170212765957
TELEO,"Teleo, Inc.",1.0
ALACRIS,"Alacritus, Inc.",0.875
UNVEIL TECHNOLOGIES,"UniSyn Technologies, Inc.",0.8421052631578947
MEDIA-STREAMS.COM,NO MATCH,0.0
FOLDERSHARE,NO MATCH,0.0
5TH FINGER,NO MATCH,0.0
SEADRAGON SOFTWARE,"SEADRAGON SOFTWARE, INC.",1.0
MOTION BRIDGE,NO MATCH,0.0
ONFOLIO,NO MATCH,0.0
APPTIMUM,NO MATCH,0.0
PROCLARITY,NO MATCH,0.0
LIONHEAD STUDIOS,NO MATCH,0.0
ASSETMETRIX CORPORATION,NO MATCH,0.0
MASSIVE,NO MATCH,0.0
VEXCEL,NO MATCH,0.0
DEEPMETRIX,"DMetrix, Inc.",0.8235294117647058
WHALE COMMUNICATIONS,Whale Communications Ltd.,1.0
IVIEW MULTIMEDIA,NO MATCH,0.0
SOFTRICITY,"Softricity, Inc.",1.0
WINTERNALS,NO MATCH,0.0
AZYXXI,NO MATCH,0.0
GTEKO,"GTEKO, Ltd.",1.0
DESKTOPSTANDARD,NO MATCH,0.0
COLLOQUIS,"Colloquis, Inc.",1.0
MEDSTORY,NO MATCH,0.0
TELLME,NO MATCH,0.0
DEVBIZ BUSINESS SOLUTIONS,"DEFINITIVE BUSINESS SOLUTIONS, INC.",0.814814814814815
SCREEN TONIC,NO MATCH,0.0
NETCONVERSIONS,NO MATCH,0.0
AQUANTIVE,"aQuantive, Inc.",1.0
ENGRYO,NO MATCH,0.0
ENGYRO,NO MATCH,0.0
STRATATURE,NO MATCH,0.0
ADECN,"Adecon, Inc.",0.9090909090909091
PARLANO,"Parlano, Inc.",1.0
GLOBAL CARE SOLUTIONS,"GLOBAL HEALTH SOLUTIONS, INC.",0.8181818181818181
MUSIWAVE,"SiWave, Inc.",0.8571428571428572
WEBFIVES,NO MATCH,0.0
MULTIMAP,NO MATCH,0.0
AGENTARTS,"AgentArts, Inc.",1.0
FAST SEARCH & TRANSFER,Fast Search and Transfer ASA,0.8333333333333335
CALISTA TECHNOLOGIES,"Calista Technologies, Inc.",1.0
CALIGARI CORPORATION,Calspan Corporation,0.8205128205128205
DANGER,"Danger, Inc.",1.0
YADATA,NO MATCH,0.0
CREDENTICA,Credentis AG,0.8421052631578947
KIDARO,"Kidaro, Inc.",1.0
RAPT,RAPT LLC,1.0
90 DEGREE SOFTWARE,"Nth Degree Software, Inc.",0.8648648648648648
KOMOKU,Kokomo Limited,0.8111121654510498
FARECAST,"Farecast, Inc.",1.0
NAVIC NETWORKS,NO MATCH,0.0
NAVIC SYSTEMS,"Navic Systems, Inc.",1.0
MOBICOMP,NO MATCH,0.0
POWERSET,NO MATCH,0.0
ZOOMIX,NO MATCH,0.0
DATALLEGRO,"DATAllegro, Inc.",1.0
GOZING,NO MATCH,0.0
CIAO,CIAO INC.,1.0
QUADRANGLE GROUP,NO MATCH,0.0
GREENFIELD ONLINE,Greenfield Online,1.0
WYSIWYG,NO MATCH,0.0
BIGPARK,NO MATCH,0.0
ROSETTA BIOSOFTWARE,NO MATCH,0.0
CLICKSTREAM TECHNOLOGIES,CLICKSTREAM TECHNOLOGIES PLC,1.0
INTERACTIVE SUPERCOMPUTING,NO MATCH,0.0
SENTILLION,"Sentillion, Inc.",1.0
OPALIS SOFTWARE,NO MATCH,0.0
AZURE,"Azurea, Inc.",0.9090909090909091
"AVICIS, INC.",NO MATCH,0.0
VIANETA COMMUNICATIONS,Vianeta Communication,0.9767441860465115
FLASH COMMUNICATIONS,"Flash Communications, Inc.",1.0
AVICODE,Avicode Inc.,1.0
CANESTA,"Canesta, Inc.",1.0
5 MORE MINUTES LTD,NO MATCH,0.0
SONORIT,NO MATCH,0.0
QIK,"QIK, LLC",1.0
SKYPE,SKYPE,1.0
PRODIANCE CORPORATION,NO MATCH,0.0
PROFESSIONAL SPEECH PROCESSING GROUP OF SIEMENS AG,NO MATCH,0.0
SENSOBI,NO MATCH,0.0
GROUPME,PLC Group AG,0.8333333333333335
TWISTED PIXEL GAMES,NO MATCH,0.0
VIDEOSURF,"VIDEOSURF, INC.",1.0
ONEDRUM,NO MATCH,0.0
YAMMER,"Yammer, Inc.",1.0
PERCEPTIVE PIXEL,"PERCEPTIVE PIXEL, INC.",1.0
PHONEFACTOR,"Phonefactor, Inc.",1.0
MILEIQ,MileIQ Inc.,1.0
STORSIMPLE,"STORSIMPLE, INC.",1.0
MARKETINGPILOT,NO MATCH,0.0
M3 TECHNOLOGY GROUP,NO MATCH,0.0
AZALEOS,AzalĂŠe,0.8333333333333335
R2 STUDIOS,NO MATCH,0.0
ID8 GROUP R2 STUDIOS,"id8 Group R2 Studios, Inc.",1.0
PANDO NETWORKS,"Pando Networks, Inc.",1.0
OPSTERA,Opsera Inc.,0.923076923076923
METRICSHUB,NO MATCH,0.0
NETBREEZE,NO MATCH,0.0
RAZORFISH TECHNOLOGIES INDIA,NO MATCH,0.0
INRELEASE,NO MATCH,0.0
NOKIA - DEVICES & SERVICES BUSINESS,NO MATCH,0.0
APIPHANY,NO MATCH,0.0
PARATURE,NO MATCH,0.0
GREENBUTTON,Greenbutton Limited,1.0
CAPPTAIN,NO MATCH,0.0
CROWN PARTNERS,NO MATCH,0.0
SYNTAXTREE,NO MATCH,0.0
INMAGE SYSTEMS,"InMage Systems, Inc.",1.0
MOJANG STUDIOS,NO MATCH,0.0
EQUIVIO,Equivio Ltd.,1.0
AORATO,Aorato Ltd,1.0
ACOMPLI,NO MATCH,0.0
HOCKEYAPP,NO MATCH,0.0
BIT STADIUM GMBH,NO MATCH,0.0
REVOLUTION ANALYTICS,NO MATCH,0.0
SUNRISE,Sunrise SA,1.0
N-TRIG,N-trig Ltd.,1.0
LIVELOOP,"LIVELOOP, INC.",1.0
DATAZEN SOFTWARE,"DataTech Software, Inc.",0.8484848484848484
MOPED,NO MATCH,0.0
WUNDERLIST,NO MATCH,0.0
BLUESTRIPE,NO MATCH,0.0
FIELDONE SYSTEMS,"Field System, Inc.",0.8571428571428572
ADALLOM,Adallo LLC,0.923076923076923
FANTASYSALESTEAM,NO MATCH,0.0
DOUBLE LABS,NO MATCH,0.0
VOLOMETRIX,NO MATCH,0.0
ECHO LOCKER,NO MATCH,0.0
ADXSTUDIO,NO MATCH,0.0
TRINIGY,NO MATCH,0.0
ROCKETBOX STUDIOS,NO MATCH,0.0
HAVOK,NO MATCH,0.0
MOBILE DATA LABS,"MOBILE DATA LABS, INC.",1.0
SECURE ISLANDS TECHNOLOGIES,Secure Islands Technologies Ltd,1.0
METANAUTIX,NO MATCH,0.0
TALKO,Talko Inc.,1.0
EVENT ZERO,NO MATCH,0.0
MINECRAFTEDU,NO MATCH,0.0
SWIFTKEY,NO MATCH,0.0
GROOVE (DBA ZIKERA),NO MATCH,0.0
LESSPAINFUL,NO MATCH,0.0
ROBOVM AB,NO MATCH,0.0
XAMARIN,Xamarin Inc.,1.0
SOLAIR,NO MATCH,0.0
M12 - MICROSOFT'S VENTURE FUND,NO MATCH,0.0
MSPOKE,NO MATCH,0.0
CHOICEVENDOR,NO MATCH,0.0
CARDMUNCH,NO MATCH,0.0
CONNECTED,NO MATCH,0.0
INDEXTANK,NO MATCH,0.0
QWERLY,NO MATCH,0.0
RAPPORTIVE,NO MATCH,0.0
LINKEDIN SLIDESHARE,NO MATCH,0.0
VIDEO2BRAIN,NO MATCH,0.0
INBOUND SCORE,NO MATCH,0.0
PULSE,"PULSE, LLC",1.0
BRIGHT.COM,NO MATCH,0.0
COMPILR,NO MATCH,0.0
NEWSLE,NO MATCH,0.0
BIZO,NO MATCH,0.0
WE CREATED IT,WE CREATE LLC,0.8181818181818181
CAREERIFY,NO MATCH,0.0
REFRESH.IO,NO MATCH,0.0
LYNDA,NO MATCH,0.0
FLIPTOP,NO MATCH,0.0
CONNECTIFIER,"CONNECTDER, INC.",0.8181818181818181
RUN HOP,NO MATCH,0.0
LINKEDIN,NO MATCH,0.0
WAND LABS,"Wand Labs, Inc.",1.0
CODE CONNECT,NO MATCH,0.0
POINTDRIVE,NO MATCH,0.0
MIXER,NO MATCH,0.0
GENEE,Genese,0.9325624704360962
MALUUBA,Maluuba Inc.,1.0
DONYA LABS,DONYA LABS AB,0.8695652173913043
OPEN BUILD SERVICE,NO MATCH,0.0
DEIS.COM,NO MATCH,0.0
INTENTIONAL SOFTWARE,NO MATCH,0.0
HEXADITE,Hexadite LTD.,1.0
HEIGHTEN,Height Inc.,0.8571428571428572
CLOUDYN,NO MATCH,0.0
CYCLE COMPUTING,"Cycle Computing, LLC",1.0
ALTSPACEVR,NO MATCH,0.0
SWING TECHNOLOGIES,Pure Swing Technologies LLC,0.9372097253799438
AVERE SYSTEMS,"Avere Systems, Inc.",1.0
PLAYFAB,NO MATCH,0.0
CHALKUP,NO MATCH,0.0
MICROSOFT FOR STARTUPS,NO MATCH,0.0
SEMANTIC MACHINES,"Semantic Machines, Inc.",1.0
ORDERED LIST,NO MATCH,0.0
EASEL,NO MATCH,0.0
GITHUB,"GITHUB, INC.",1.0
PLAYGROUND GAMES,NO MATCH,0.0
NINJA THEORY,NO MATCH,0.0
UNDEAD LABS,NO MATCH,0.0
COMPULSION GAMES,NO MATCH,0.0
FLIPGRID,NO MATCH,0.0
BONSAI,NO MATCH,0.0
LOUD & CLEAR,NO MATCH,0.0
LOBE,NO MATCH,0.0
GLINT,NO MATCH,0.0
OBSIDIAN ENTERTAINMENT,NO MATCH,0.0
INXILE ENTERTAINMENT,"INXILE ENTERTAINMENT, INC.",1.0
XOXCO,NO MATCH,0.0
FSLOGIX,"FSLOGIX, INC.",1.0
SPECTRUM,"SPECTRUM CO, LLC",1.0
SENDBLOOM,NO MATCH,0.0
CITUS DATA,NO MATCH,0.0
DATASENSE,NO MATCH,0.0
MICROSOFT EDGE INSIDER,NO MATCH,0.0
EXPRESS LOGIC,NO MATCH,0.0
DEPENDABOT,NO MATCH,0.0
DRAWBRIDGE,"Drawbridge, Inc.",1.0
DOUBLE FINE PRODUCTIONS,NO MATCH,0.0
PULL PANDA,NO MATCH,0.0
BLUETALON,"BlueTalon, Inc.",1.0
PROMOTEIQ,NO MATCH,0.0
JCLARITY,NO MATCH,0.0
MOVERE,NO MATCH,0.0
SEMMLE,Semmle Limited,1.0
ALNAMIC,NO MATCH,0.0
MOVER,MOVE COMPANY LIMITED,0.8888888888888888
GITALYTICS,NO MATCH,0.0
ALTIUS,NO MATCH,0.0
LIFT SECURITY,NO MATCH,0.0
NPM,NO MATCH,0.0
AFFIRMED NETWORKS,"Affirmed Networks, Inc.",1.0
UPCOUNSEL,NO MATCH,0.0
CYBERX,NO MATCH,0.0
APPTRIGGER,NO MATCH,0.0
COLIBRIA,NO MATCH,0.0
OPENCLOUD,NO MATCH,0.0
METASWITCH NETWORKS,Metaswitch Networks Ltd.,1.0
SOFTOMOTIVE,NO MATCH,0.0
ADRM SOFTWARE,NO MATCH,0.0
ORIONS SYSTEMS,"Orion Systems, Inc.",0.987973153591156
ID SOFTWARE,NO MATCH,0.0
ESCALATION STUDIOS,"Escalation Studios, Inc.",1.0
ZENIMAX,NO MATCH,0.0
NEOTECH SOLUTIONS,NO MATCH,0.0
AZEO,NO MATCH,0.0
SMASH.GG,NO MATCH,0.0
AVED ELECTRONICS,Avex Electronics Inc.,0.9375
DENALION ENERGY SYSTEMS,NO MATCH,0.0
LITHION POWER GROUP,NO MATCH,0.0
THE MARSDEN GROUP,THE MARSDEN GROUP,1.0
CALERA RECOGNITION SYSTEMS,NO MATCH,0.0
CAERE,NO MATCH,0.0
LOBBY7,NO MATCH,0.0
SPEECHWORKS,NO MATCH,0.0
LOCUS DIALOGUE,NO MATCH,0.0
TELELOGUE,"Telelogue, Inc.",1.0
RHETORICAL SYSTEMS,RHETORICAL SYSTEMS LIMITED,1.0
PHONETIC SYSTEMS,Phonetic Systems Ltd.,1.0
MEDREMOTE,NO MATCH,0.0
DICTAPHONE,NO MATCH,0.0
BEVOCAL,Bevocal LLC,1.0
BLUESTAR RESOURCES,NO MATCH,0.0
FOCUS INFORMATICS,NO MATCH,0.0
VOICESIGNAL TECHNOLOGIES,"Voicegenie Technologies, Inc.",0.851063829787234
TEGIC,NO MATCH,0.0
COMMISSURE,NO MATCH,0.0
VOCADA,"Vocada, Inc.",1.0
VIECORE,NO MATCH,0.0
ESCRIPTION,"eScription, Inc.",1.0
MULTIVISION COMMUNICATIONS,NO MATCH,0.0
SNAPIN SOFTWARE,SNAPin Software Inc.,1.0
ZI CORPORATION,Zi Technology Corporation LTD,0.8617005348205566
JOTT,NO MATCH,0.0
MEDICAL DICTATION SERVICES,NO MATCH,0.0
ECOPY,NO MATCH,0.0
SPINVOX,SpinVox Limited,1.0
MACSPEECH,NO MATCH,0.0
SPHERIS,NO MATCH,0.0
SHAPEWRITER,Shapewriter Inc.,1.0
INFORMATION TECHNOLOGIES AUSTRALIA,NO MATCH,0.0
SPRYANCE,NO MATCH,0.0
PERSAY,Persay Inc.,1.0
EQUITRAC,Equitrade,0.8235294117647058
SVOX,Svox AG,1.0
WEBMEDX,NO MATCH,0.0
LOQUENDO,NO MATCH,0.0
SWYPE,"Swypers, LLC",0.8333333333333335
VLINGO,NO MATCH,0.0
TRANSCEND SERVICES,NO MATCH,0.0
SAFECOM,Safecom A/S,0.9164578914642334
DITECH NETWORKS,"Ditech Networks, Inc.",1.0
QUADRAMED QUANTIM CORP,NO MATCH,0.0
J.A. THOMAS AND ASSOCIATES,NO MATCH,0.0
ACCENTUS,Accentus LLC,1.0
VIRTUOZ,VirtuOz SA,1.0
COPITRAK,Copitrak Inc.,1.0
TWEDDLE GROUP - TWEDDLE CONNECT BUSINESS,NO MATCH,0.0
COGNITION TECHNOLOGIES,NO MATCH,0.0
ACCELARAD,NO MATCH,0.0
NOTABLE SOLUTIONS,"Notable Solutions, Inc.",1.0
TOUCHCOMMERCE,"TouchCommerce, Inc.",1.0
MCARBON,NO MATCH,0.0
VOICEBOX TECHNOLOGIES,NO MATCH,0.0
SAYKARA,NO MATCH,0.0
NUANCE COMMUNICATIONS,"Nuance Communications, Inc.",1.0
KINVOLK,NO MATCH,0.0
REFIRM LABS,"ReFirm Labs, Inc.",1.0
PASSIVETOTAL,NO MATCH,0.0
MACCABIM.COM LTD.,NO MATCH,0.0
RISKIQ,"RiskIQ, Inc.",1.0
CLOUDKNOX SECURITY,"CloudKnox Security, Inc.",1.0
SUPLARI,NO MATCH,0.0
JUMPROPE,NO MATCH,0.0
PEER5,PEER INC,0.8888888888888888
CLIPCHAMP,NO MATCH,0.0
BETTERFLY (ACQUIRED),NO MATCH,0.0
CHROMATIK,"Chromatek, Inc.",0.9027029275894165
TAKELESSONS,NO MATCH,0.0
ZEPEL.IO,NO MATCH,0.0
ALLY.IO,NO MATCH,0.0
QUANTIQ,NO MATCH,0.0
CLEAR SOFTWARE,NO MATCH,0.0
IMAGEVISION,"PictureVision, Inc.",0.8700608015060425
TWO HAT SECURITY,NO MATCH,0.0
CLYPD,"clypd, Inc.",1.0
XANDR,Xandr Inc.,1.0
ORIBI,NO MATCH,0.0
PADDLE HR,NO MATCH,0.0
MINIT,NO MATCH,0.0
TREYARCH,NO MATCH,0.0
GRAY MATTER INTERACTIVE STUDIOS,NO MATCH,0.0
SHABA GAMES,NO MATCH,0.0
Z-AXIS LTD.,"Zaxis, Inc.",1.0
RADICAL ENTERTAINMENT,NO MATCH,0.0
BEENOX,NO MATCH,0.0
HIGH MOON STUDIOS,NO MATCH,0.0
REDOCTANE,NO MATCH,0.0
GAMEBATTLES,NO MATCH,0.0
DEMONWARE,NO MATCH,0.0
GOTFRAG,NO MATCH,0.0
BUDCAT CREATIONS,NO MATCH,0.0
CALIFORNIA 7 STUDIOS,California Design Studio Inc.,0.8181818181818181
AGORA GAMES,NO MATCH,0.0
FABRICATION GAMES,NO MATCH,0.0
NONSTOP GAMES,NO MATCH,0.0
Z2,NO MATCH,0.0
KING.COM,KING.COM LTD.,1.0
MAJOR LEAGUE GAMING,NO MATCH,0.0
OMNIATA,"OMATA, INC.",0.8333333333333335
ACTIVISION BLIZZARD,NO MATCH,0.0
JUNGLEE CORP,NO MATCH,0.0
ALEXA INTERNET,Alexa Internet,1.0
AUDIBLE INC,"Audible, Inc.",1.0
AUTHENTEC INC,"Authentect, Inc.",0.9473684210526316
WHATSAPP INC,WhatsApp LLC,1.0
WHATSAPP LLC,WhatsApp LLC,1.0
APPL SEMANTICS INC,NO MATCH,0.0
POSTINI INC,"Postini, Inc.",1.0
ON2 TECH INC,NO MATCH,0.0
BROADBUS TECH INC,"Broadbus Technologies, Inc.",0.8572989702224731
CLIN MICRO SENSORS INC,"Clinical Micro Sensors, Inc.",0.9
GEN INSTR CORP,NO MATCH,0.0
GOOD TECH INC,NO MATCH,0.0
MOTOROLA INC,"Motorola, Inc.",1.0
NETOPIA INC,"Netopia, Inc.",1.0
NEXT LEVEL COMMUN INC,"Next Level Communications, Inc",0.8095238095238095
STARFISH SFTWR INC,NO MATCH,0.0
SYMBOL TECH INC,NO MATCH,0.0
TELXON CORP,NO MATCH,0.0
TUT SYS INC,NO MATCH,0.0
X DEVELOPMENT LLC,X Development LLC,1.0
FITBIT INC,"FITBIT, LLC",1.0
WEBTV NETWORK INC,"WebTV Networks, Inc.",0.962962962962963
VICINITY CORP,NO MATCH,0.0
AQUANTIVE INC,"aQuantive, Inc.",1.0
AMER ONLINE INC,NO MATCH,0.0
LINKEDIN CORP,NO MATCH,0.0
AKAMAI TECHNOLOGIES INC,"Akamai Technologies, Inc.",1.0
NEXT COMPUTER INC,"NeXT Computer, Inc.",1.0
NOTHING REAL LLC,NO MATCH,0.0
POWER COMPUTING CORP-CLONE- MAKING DIVISION,NO MATCH,0.0
POWERSCHOOL INC,NO MATCH,0.0
PROPEL SOFTWARE CORP,NO MATCH,0.0
SILICON COLOR INC,NO MATCH,0.0
SILICON GRAIL CORP-CHALICE & RAYZ DIGITAL EFFECTS PRODUCTS,NO MATCH,0.0
SPRUCE TECHNOLOGIES INC(JAPAN INFORMATION PROCESSING SERVICE CO),NO MATCH,0.0
ZAYANTE INC,Zayante,1.0
BEATS ELECTRONICS LLC,"Beats Electronics, LLC",1.0
PERCEPTIO INC,Percept,0.875
PULLSTRING INC,"PULLSTRING, INC.",1.0
ICLOUD.NET,NO MATCH,0.0
LEGBACORE LLC,NO MATCH,0.0
BURSTLY INC,"Burst, Inc.",0.8333333333333335
CHOMP INC,"Chomp, Inc.",1.0
XNOR.AI INC,"XNOR.ai, Inc.",1.0
DARK SKY CO LLC,NO MATCH,0.0
EMOTIENT INC,"Emotient, Inc.",1.0
DESKCONNECT LLC,NO MATCH,0.0
LEARNSPROUT INC,NO MATCH,0.0
FLYBY MEDIA INC,"Flyby Media, Inc.",1.0
INTEL CORP-SMARTPHONE MODEM CHIP BUSINESS,NO MATCH,0.0
FLEETSMITH INC,NO MATCH,0.0
LA LA MEDIA INC,NO MATCH,0.0
DRIVE.AI INC,drive.ai Inc.,1.0
HOPSTOP.COM INC,"HOPSTOP.COM, INC.",1.0
PASSIF SEMICONDUCTOR CORP,Passif Semiconductor Corp.,1.0
MATCHA INC,NO MATCH,0.0
EMBARK INC,"Embark, Inc.",1.0
LATTICE DATA INC,NO MATCH,0.0
SPACES INC,Space,0.9090909090909091
MIRA LABS INC,"Mira Labs, Inc.",1.0
WAVEONE INC,WAVEONE INC.,1.0
PA SEMI INC,"P.A. Semi, Inc.",1.0
QUATTRO WIRELESS INC,NO MATCH,0.0
SIRI INC,NO MATCH,0.0
TOPSY LABS INC,"Topsy Labs, Inc.",1.0
COHERENT NAVIGATION INC,"Coherent Navigation, Inc.",1.0
NEXTVR INC,NextVR Inc.,1.0
LASERLIKE INC,"Laserlike, Inc.",1.0
ATLAS ADVERTISER SUITE,NO MATCH,0.0
BELUGA INC,NO MATCH,0.0
BOLT & PETERS,NO MATCH,0.0
CROWDTANGLE INC,NO MATCH,0.0
FACIOMETRICS LLC,"Cimetrics, Inc.",0.8571428571428572
GROKSTYLE INC,NO MATCH,0.0
CHAI LABS INC,NO MATCH,0.0
CONFIRM INC,CONFIRMA INC,0.9333333333333332
DROP.IO INC,D.R.O.P.I.C.,0.8333333333333335
MIXTENT INC,NO MATCH,0.0
GIPHY INC,"GIPHY, INC.",1.0
THEFIND INC,"TheFind, Inc.",1.0
FRIENDFEED INC,NO MATCH,0.0
GAZEHAWK INC,NO MATCH,0.0
GLANCEE INC,"Glance, LLC",0.923076923076923
GOWALLA INC,NO MATCH,0.0
PARSE INC,PARSE INC.,1.0
HOTPOTATO MEDIA INC,NO MATCH,0.0
INSTAGRAM INC,NO MATCH,0.0
MALBEC LABS INC,NO MATCH,0.0
MOBILE TECHNOLOGIES,"MOBILE TECHNOLOGIES, INC.",1.0
WIT.AI INC,NO MATCH,0.0
NONSTOP GAMES INC,NO MATCH,0.0
QUICKFIRE NETWORKS CORP,NO MATCH,0.0
NEXTSTOP.COM,NO MATCH,0.0
ONAVO INC,NO MATCH,0.0
CTRL-LABS CORP,NO MATCH,0.0
PARAKEY INC,NO MATCH,0.0
OZLO INC,NO MATCH,0.0
SHAREGROVE INC,NO MATCH,0.0
SPOOL INC,NO MATCH,0.0
KARMA SCIENCE INC,NO MATCH,0.0
STROBE INC,NO MATCH,0.0
BRANCH MEDIA INC,NO MATCH,0.0
SOURCE3 INC,NO MATCH,0.0
WALLETIN,NO MATCH,0.0
THREADSY INC,"THREADY, INC.",0.9333333333333332
OCULUS VR INC,"Oculus VR, LLC",1.0
PACKAGD CORP,NO MATCH,0.0
CAMOUFLAJ,NO MATCH,0.0
KUSTOMER INC,NO MATCH,0.0
IMAGINEOPTIX CORP,NO MATCH,0.0
BLINKAI TECHNOLOGIES INC,"BlinkAI Technologies, Inc.",1.0
WITHIN UNLIMITED INC,"Within Unlimited, Inc.",1.0
WHISPER.AI INC,"WHISPER.AI, Inc.",1.0
ADOMETRY INC,"Adometry, Inc.",1.0
APPJET INC,"APJeT, Inc.",0.9090909090909091
ADMELD INC,NO MATCH,0.0
ANDROID INC,NO MATCH,0.0
ANGSTRO INC,NO MATCH,0.0
APIGEE CORP,NO MATCH,0.0
APPLIED SEMANTICS INC,"Applied Semantics, Inc.",1.0
APTURE INC,NO MATCH,0.0
@LAST SOFTWARE,"@Last Software, Inc.",1.0
BLINDTYPE INC,NO MATCH,0.0
INCENTIVE TARGETING INC,NO MATCH,0.0
APPETAS INC,NO MATCH,0.0
STACKDRIVER INC,NO MATCH,0.0
QUEST VISUAL INC,NO MATCH,0.0
SKYBOX IMAGING INC,"Skybox Imaging, Inc.",1.0
JIBE MOBILE INC,Jibe Mobile,1.0
DIVSHOT INC,NO MATCH,0.0
QWIKLABS INC,NO MATCH,0.0
CHANNEL INTELLIGENCE INC,"Channel Intelligence, Inc.",1.0
CLEVER SENSE INC,NO MATCH,0.0
FLY LABS INC,NO MATCH,0.0
BEBOP TECHNOLOGY LLC,NO MATCH,0.0
DMARC BROADCASTING INC,NO MATCH,0.0
ADMOB INC,NO MATCH,0.0
DEJA.COM INC-USENET DISCUSSION SERVICE,NO MATCH,0.0
DOCVERSE INC,NO MATCH,0.0
DODGEBALL.COM,NO MATCH,0.0
DOUBLECLICK INC,DoubleClick Inc.,1.0
EBOOK TECHNOLOGIES INC,NO MATCH,0.0
TINKER SQUARE INC,NO MATCH,0.0
JETPAC INC,NO MATCH,0.0
ZYNC INC,NO MATCH,0.0
LYNX DESIGN INC,NO MATCH,0.0
INPUT FACTORY INC,NO MATCH,0.0
TWITTER INC-FABRIC SOFTWARE,NO MATCH,0.0
EPISODIC INC,NO MATCH,0.0
EVERYTHING IS THE BEST LLC,NO MATCH,0.0
FEEDBURNER INC,NO MATCH,0.0
GIZMO5,"Gizmo, Inc.",0.9090909090909091
ADSCAPE MEDIA INC,NO MATCH,0.0
GRANDCENTRAL COMMUNICATIONS,"Grand Central Communications, Inc.",0.9818181818181819
GREENBORDER TECHNOLOGIES INC,NO MATCH,0.0
WAVII INC,WAVI Co.,0.8888888888888888
NEST LABS INC,"Nest Labs, Inc.",1.0
FIREBASE INC,NO MATCH,0.0
KAGGLE INC,NO MATCH,0.0
JOTSPOT INC,NO MATCH,0.0
ITA SOFTWARE INC,"ITA Software, Inc.",1.0
INVITE MEDIA INC,NO MATCH,0.0
JAMBOOL INC,NO MATCH,0.0
KALTIX CORP,NO MATCH,0.0
KEYHOLE CORP,NO MATCH,0.0
KATANGO INC,NO MATCH,0.0
RELATIVE WAVE LLC,NO MATCH,0.0
MECHANICAL ZOO INC,NO MATCH,0.0
MEEBO.COM INC,NO MATCH,0.0
METAWEB TECHNOLOGIES INC,"Metaweb Technologies, Inc.",1.0
ENTERPROID INC,Enterproid HK Ltd,0.8695652173913043
APPURIFY INC,"Appurify, Inc.",1.0
WIMM LABS INC,"WIMM Labs, Inc.",1.0
LAUNCHPAD TOYS INC,NO MATCH,0.0
MOTOROLA MOBILITY HOLDINGS INC,NO MATCH,0.0
AGNILUX INC,NO MATCH,0.0
NEVEN VISION INC,NO MATCH,0.0
OMNISIO INC,"Omnisci, Inc.",0.8571428571428572
ON2 TECHNOLOGIES INC,"On2 Technologies, Inc.",1.0
OUTRIDE INC-TECHNOLOGY ASSETS,NO MATCH,0.0
PICNIK.COM,NO MATCH,0.0
BUMP TECHNOLOGIES INC,"Bump Technologies, Inc.",1.0
FLUTTER INC,Flutterlab Ltd,0.8235294117647058
RED HOT LABS INC,NO MATCH,0.0
ATHENA WIRELESS COMMUNICATIONS INC,NO MATCH,0.0
PICASA INC,NO MATCH,0.0
PITTSBURGH PATTERN RECOGNITION {PITTPATT},"Pittsburgh Pattern Recognition, Inc.",0.8695652173913043
QUICKOFFICE INC,NO MATCH,0.0
PUNCHD LABS INC,NO MATCH,0.0
RUBA INC,NO MATCH,0.0
SAGETV LLC,NO MATCH,0.0
TIMEFUL INC,NO MATCH,0.0
ANVATO INC,"Anvato, Inc.",1.0
SAYNOW INC,NO MATCH,0.0
SIMPLIFY MEDIA INC,NO MATCH,0.0
SLIDE INC,NO MATCH,0.0
SPARKBUY INC,NO MATCH,0.0
TERACENT CORP,NO MATCH,0.0
TONIC SYSTEMS INC,NO MATCH,0.0
TRANSFORMIC INC,NO MATCH,0.0
BOT SQUARE INC,NO MATCH,0.0
IMPERMIUM CORP,"Impyrium, Inc.",0.8235294117647058
MEKA ROBOTICS LLC,"Meka Robotics, LLC",1.0
ORBITERA INC,"Orbiter, Inc.",0.9333333333333332
BITIUM INC,"BITIUM, INC.",1.0
UPSTARTLE LLC,Upstarts,0.8235294117647058
URCHIN SOFTWARE CORP,NO MATCH,0.0
TXVIA INC,NO MATCH,0.0
WIDEVINE TECHNOLOGIES INC,"Widevine Technologies, Inc.",1.0
WILDFIRE INTERACTIVE INC,"Wildfire Interactive, Inc.",1.0
JOHN WILEY & SONS INC-CONSUMER PRINT & DIGITAL PUBLISHING ASSET,NO MATCH,0.0
ZAVE NETWORKS INC,"Azaire Networks, Inc.",0.8571428571428572
YOUTUBE INC,NO MATCH,0.0
ZAGAT SURVEY LLC,NO MATCH,0.0
ZIPDASH INC,NO MATCH,0.0
PIXATE INC,"Pixate, Inc.",1.0
FORTYTWO INC,"FortyTwo, Inc.",1.0
URBAN ENGINES INC,"URBAN ENGINES, INC.",1.0
EYEFLUENCE INC,"EYEFLUENCE, INC.",1.0
ELEMENTAL TECHNOLOGIES INC,"Elemental Technologies, Inc.",1.0
DATAROW,NO MATCH,0.0
TALEN ENERGY CORP-DATA CENTER,NO MATCH,0.0
HERCULES LABS INC,NO MATCH,0.0
WICKR INC,WICKR INC.,1.0
SQRRL DATA INC,"Sqrrl Data, Inc.",1.0
CUMULUS DIGITAL LLC,"CUMULUS DIGITAL SYSTEMS, INC.",0.8127467632293701
TRELLIS AUTOMATION INC,NO MATCH,0.0
AT&T CORP,AT&T CORP.,1.0
ACTIVISION BLIZZARD INC,NO MATCH,0.0
ACTIVEVIEWS INC,NO MATCH,0.0
ALTAMIRA SOFTWARE CORP,NO MATCH,0.0
APPLE COMPUTER INC,Apple Computer Inc.,1.0
APPTIMUM INC,NO MATCH,0.0
ASPECT SOFTWARE ENGINEERING,NO MATCH,0.0
AVICODE INC,Avicode Inc.,1.0
BANYAN SYSTEMS INC,"Banyan Systems, Inc.",1.0
BLUE RIBBON SOUNDWORKS LTD,NO MATCH,0.0
DOUBLE LABS INC,NO MATCH,0.0
CITUS DATA INC,NO MATCH,0.0
BUNGIE SOFTWARE,NO MATCH,0.0
CMG INFORMATION SERVICES INC,NO MATCH,0.0
CALISTA TECHNOLOGIES INC,"Calista Technologies, Inc.",1.0
CANESTA INC,"Canesta, Inc.",1.0
CHYRON CORP,NO MATCH,0.0
CLEAR SOFTWARE LLC,NO MATCH,0.0
COLLOQUIS INC,"Colloquis, Inc.",1.0
COLUSA SOFTWARE INC,NO MATCH,0.0
ID8 GROUP R2 STUDIOS INC,"id8 Group R2 Studios, Inc.",1.0
INMAGE SYSTEMS INC,"InMage Systems, Inc.",1.0
MOBILE DATA LABS INC,"MOBILE DATA LABS, INC.",1.0
ALTSPACE VR,NO MATCH,0.0
PLAYFAB INC,NO MATCH,0.0
AFFIRMED NETWORKS INC,"Affirmed Networks, Inc.",1.0
COMCAST CORP,NO MATCH,0.0
COMPARENET INC,NO MATCH,0.0
CONNECTIX CORP-ASSETS,NO MATCH,0.0
COOPER & PETERS INC,NO MATCH,0.0
DANGER INC,"Danger, Inc.",1.0
DATALLEGRO INC,"DATAllegro, Inc.",1.0
DESKTOPSTANDARD CORP,NO MATCH,0.0
DIALOGIC CORP,Dialogic (US) Inc.,0.8421052631578947
DIMENSION X INC,"DIMENSION, INC.",0.9
E-STAMP CORP,NO MATCH,0.0
ENGYRO CORP,NO MATCH,0.0
ENTROPIC INC,NO MATCH,0.0
TALKO INC,Talko Inc.,1.0
METANAUTIX INC,NO MATCH,0.0
CYBERX INC,NO MATCH,0.0
EXPRESS LOGIC INC,NO MATCH,0.0
ALLY TECHNOLOGIES INC,NO MATCH,0.0
EXOS INC,NO MATCH,0.0
FASA INTERACTIVE INC(VIRTUAL WORLDS ENTERTAINMENT GROUP INC),NO MATCH,0.0
FARECAST INC,"Farecast, Inc.",1.0
FIREFLY NETWORK INC,"Firefly Network, Inc.",1.0
FOX SOFTWARE INC,FOXIT SOFTWARE INC.,0.923076923076923
FRONTBRIDGE TECHNOLOGIES INC,FRONTGRADE TECHNOLOGIES INC.,0.8936170212765957
DEVBIZ BUSINESS SOLUTIONS LLC,"DEFINITIVE BUSINESS SOLUTIONS, INC.",0.814814814814815
GIANT CO SOFTWARE INC,Red Giant Software,0.875
GITHUB INC,"GITHUB, INC.",1.0
GREAT PLAINS SOFTWARE INC,NO MATCH,0.0
GROOVE NETWORKS INC,"Groove Networks, Inc.",1.0
CLOUDKNOX SECURITY INC,"CloudKnox Security, Inc.",1.0
THE MARSDEN GROUP INC,THE MARSDEN GROUP,1.0
HOTMAIL CORP(MICROSOFT CORP),NO MATCH,0.0
INTERACTIVE OBJECTS INC-DIGITAL AUDIO PLAYER TECHNOLOGY,NO MATCH,0.0
INTERSE CORP,INTERSEC,0.9333333333333332
JELLYFISH.COM INC,NO MATCH,0.0
JUMP NETWORKS INC,NO MATCH,0.0
KOMOKU INC,Kokomo Limited,0.8111118078231812
ACOMPLI INC,NO MATCH,0.0
NETGAMES USA,NO MATCH,0.0
INTENTIONAL SOFTWARE CORP,NO MATCH,0.0
SEMANTIC MACHINES INC,"Semantic Machines, Inc.",1.0
FUNGIBLE INC,"Fungible, Inc.",1.0
MARKETINGPILOT SOFTWARE LLC,NO MATCH,0.0
MASSIVE INC,NO MATCH,0.0
MEDSTORY INC,NO MATCH,0.0
MESA GROUP INC,NO MATCH,0.0
MICROSOFT NETWORK LLC{MSN},NO MATCH,0.0
REVOLUTION ANALYTICS INC,NO MATCH,0.0
SUNRISE ATELIER INC,NO MATCH,0.0
FLIPGRID INC,NO MATCH,0.0
XANDR INC,Xandr Inc.,1.0
REFIRM LABS INC,"ReFirm Labs, Inc.",1.0
MOBILE TELECOMMUNICATIONS TECHNOLOGIES CORP,Mobile Telecommunication Technology,0.9315068493150684
MONGOMUSIC INC,NO MATCH,0.0
NTL INC,NO MATCH,0.0
NAVISITE INC,NO MATCH,0.0
NETCARTA CORP(CMG INFORMATION SERVICE INC),NO MATCH,0.0
NETWISE INC,NO MATCH,0.0
NEXTEL COMMUNICATIONS INC,"Nextel Communications, Inc.",1.0
NUANCE COMMUNICATIONS INC,"Nuance Communications, Inc.",1.0
NUMINOUS TECHNOLOGIES INC,NO MATCH,0.0
OMNIBROWSE INC,NO MATCH,0.0
ONE TREE SOFTWARE,NO MATCH,0.0
ONFOLIO INC,NO MATCH,0.0
PACIFIC MICROSONICS INC,"Pacific Microsonics, Inc.",1.0
APIPHANY INC,NO MATCH,0.0
LIVELOOP INC,"LIVELOOP, INC.",1.0
SPOTFRONT INC,NO MATCH,0.0
PARLANO INC,"Parlano, Inc.",1.0
PERCEPTIVE PIXEL INC,"PERCEPTIVE PIXEL, INC.",1.0
PHONEFACTOR INC,"Phonefactor, Inc.",1.0
PLACEWARE INC,"Placeware, Inc.",1.0
POWERSET INC,NO MATCH,0.0
PROGRESSIVE NETWORKS INC,"Progressive Networks, Inc.",1.0
PROCLARITY CORP,NO MATCH,0.0
QWEST COMMUNICATIONS CORP,Qwest Communications Inc.,1.0
RAPT INC,RAPT LLC,1.0
REALNAMES CORPORATION,RealNames Corporation,1.0
ROSETTA BIOSOFTWARE-CERTAIN ASSETS,NO MATCH,0.0
SALES MANAGEMENT SYSTEMS INC,NO MATCH,0.0
BEAM,"BEAM, INC.",1.0
INXILE ENTERTAINMENT INC,"INXILE ENTERTAINMENT, INC.",1.0
CYCLE COMPUTING LLC,"Cycle Computing, LLC",1.0
SUPLARI INC,NO MATCH,0.0
"SAVVIS INC-DATA CENTERS(2), SANTA CLARA,CALIFORNIA",NO MATCH,0.0
SENTILLION INC,"Sentillion, Inc.",1.0
SKYTEL COMMUNICATIONS INC,"SkyTel Communications, Inc.",1.0
SOFTWAY SYSTEMS INC,NO MATCH,0.0
SOFTRICITY INC,"Softricity, Inc.",1.0
SOURCEGEAR LLC-TEAMPRISE ASSETS,NO MATCH,0.0
STAC ELECTRONICS INC,"Stac Electronics, Inc.",1.0
STRATATURE INC,NO MATCH,0.0
SYBARI SOFTWARE INC,Symbian Software Ltd.,0.8387096774193549
TELEO INC,"Teleo, Inc.",1.0
TELLME NETWORKS INC,"TellMe Networks, Inc.",1.0
ESHOP INC,NO MATCH,0.0
3DO CO-HIGH HEAT BASEBALL PRODUCT LINE,NO MATCH,0.0
BLUESTRIPE SOFTWARE INC,"BlueStripe Software, Inc.",1.0
BLUETALON INC,"BlueTalon, Inc.",1.0
LOBE ARTIFICIAL INTELLIGENCE INC,NO MATCH,0.0
FSLOGIX INC,"FSLOGIX, INC.",1.0
UMT-SOFTWARE AND IP ASSETS,NO MATCH,0.0
TWISTED PIXEL GAMES LLC,NO MATCH,0.0
VXTREME INC,NO MATCH,0.0
VALENCE RESEARCH INC,NO MATCH,0.0
VEXCEL CORP,NO MATCH,0.0
VISIO CORP,NO MATCH,0.0
WANG LABORATORIES INC,"Wang Laboratories, Inc.",1.0
VIDEOSURF INC,"VIDEOSURF, INC.",1.0
NOOK MEDIA LLC,NO MATCH,0.0
STORSIMPLE INC,"STORSIMPLE, INC.",1.0
WAVEPHORE INC,"WavePhore, Inc.",1.0
WHALE COMMUNICATIONS LTD,Whale Communications Ltd.,1.0
WINTERNALS SOFTWARE LP,NO MATCH,0.0
XDEGREES INC,NO MATCH,0.0
ZENIMAX MEDIA INC,ZeniMax Media Inc.,1.0
YAMMER INC,"Yammer, Inc.",1.0
ADALLOM INC,Adallo LLC,0.923076923076923
INCENT GAMES INC,NO MATCH,0.0
BRIGHTBYTES INC-DATASENSE BUSINESS,NO MATCH,0.0
USA NETWORKS INC,NO MATCH,0.0
APPSHEET INC,NO MATCH,0.0
VELOSTRATA INC,VELOSTRATA LTD.,1.0
SOCRATIC INC,NO MATCH,0.0
CAMEYO INC,CAMEYO INC.,1.0
MANDIANT INC,"Mandiant, Inc.",1.0
BRIGHTBYTES INC,NO MATCH,0.0
PROVINO TECHNOLOGIES INC,"PROVINO TECHNOLOGIES, INC.",1.0
RAXIUM INC,"RAXIUM, INC.",1.0
LOOKER DATA SCIENCES INC,LOOKER DATA SCIENCES INC.,1.0
RELAY MEDIA INC,NO MATCH,0.0
NEVERWARE INC,NO MATCH,0.0
CWIST INC,NO MATCH,0.0
ALOOMA INC,NO MATCH,0.0
ACTIFIO INC,"Actifio, Inc.",1.0
CLOUDSIMPLE INC,NO MATCH,0.0
DEVOPS RESEARCH & ASSESSMENT LLC,NO MATCH,0.0
STRATOZONE LLC,NO MATCH,0.0
BASIS TECHNOLOGY CORP,NO MATCH,0.0
TWITCH INTERACTIVE INC,"Twitch Interactive, Inc.",1.0
CONVERGENCE CORP,"CONVERGENCE, INC.",1.0
DRUGSTORE.COM INC,Drugstore.com,1.0
CANVAS TECHNOLOGY LLC,"Canvas Technology, Inc.",1.0
GEOWORKS INC,NO MATCH,0.0
KIVA SYSTEMS INC,"Kiva Systems, Inc.",1.0
LEXCYCLE INC,"Lexcycle, Inc.",1.0
LIVINGSOCIAL INC,"LIVINGSOCIAL, INC.",1.0
QUIDSI INC,"Quidsi, Inc.",1.0
SHOEFITR INC,"Shoefitr, Inc.",1.0
HOMEAWAY INC,"HomeAway, Inc.",1.0
CNEX LABS INC,"CNEX LABS, Inc.",1.0
ART19 INC,"ART19, Inc.",1.0
RENAISSANCE LEARNING INC,"RENAISSANCE LEARNING, INC.",1.0
WEBTV NETWORKS INC,"WebTV Networks, Inc.",1.0
ELEMENTAL TECHNOLOGIES,"Elemental Technologies, Inc.",1.0
WESTLAND,Westland plc,1.0
INIT.AI,NO MATCH,0.0
FACIOMETRICS,"Cimetrics, Inc.",0.8571428571428572
"ORBITERA, INC.","Orbiter, Inc.",0.9333333333333332
6WUNDERKINDER / WUNDERLIST,NO MATCH,0.0
ALTER,"Alter, S.A.",1.0
VICARIOUS,NO MATCH,0.0
OPEN SOURCE ROBOTICS,NO MATCH,0.0
PROVINO,NO MATCH,0.0
IROBOT,"IROBOU Co., Ltd.",0.8333333333333335
ANOBIT,NO MATCH,0.0
P.A. SEMI,"P.A. Semi, Inc.",1.0
LATTICE DATA,NO MATCH,0.0
NUANCE,NO MATCH,0.0
