small_dataset_name,matched_large_dataset_name,similarity_score
IMDB,"IMDb, Inc.",0.9848033107106109
TELEBOOK,!Bujubojb!Me,0.0
JUNGLEE,Junglee Corporation,0.9597423367213705
PLANETALL.COM,V.Com S.A.,1.0
BOOKPAGES,!Bujubojb!Me,0.0
LIVEBID,!Bujubojb!Me,0.0
EXCHANGE.COM,Exchange Holdings Inc.,0.6493079423611375
ALEXA.COM,"Alexa Medical, LLC",0.7831975747669078
ACCEPT.COM,V.Com S.A.,1.0
CONVERGENCE CORPORATION,"CONVERGENCE, INC.",0.9146696669571394
BACK TO BASICS,"Back to Basics Products, LLC",0.9487615401308063
LEEP TECHNOLOGY,"LEEP, Inc.",0.9403963751435485
TAVOLO,!Bujubojb!Me,0.0
OURHOUSE,!Bujubojb!Me,0.0
CDNOW,!Bujubojb!Me,0.0
A9,"A9.com, Inc.",0.8659773842672877
GAMERDEAL.TV,Smart TV LLC,0.7549246617959792
JOYO.COM,JOYO TECHNOLOGY PTE. LTD.,0.7174695242445737
BOOKSURGE,!Bujubojb!Me,0.0
MOBIPOCKET.COM,V.Com S.A.,1.0
CREATESPACE,!Bujubojb!Me,0.0
SHOPBOP,!Bujubojb!Me,0.0
TEXTPAYME,!Bujubojb!Me,0.0
DPREVIEW,!Bujubojb!Me,0.0
BRILLIANCE AUDIO,"Brilliance Audio, Inc.",0.9870786868447688
WITHOUT A BOX,"Without A. Box, Inc.",0.9884690381230603
AUDIBLE,"Audible, Inc.",0.9822941015967808
SCREENSELECT,!Bujubojb!Me,0.0
BRAFILM,!Bujubojb!Me,0.0
SCREENCLICK,!Bujubojb!Me,0.0
VIDEO ISLAND,U.S. Video,0.6822695790674923
LOVEFILM,!Bujubojb!Me,0.0
FABRIC.COM,"R & T Fabric, LLC",0.7761864691186652
BOX OFFICE MOJO,"MOJO LABS, INC.",0.6370663239491305
JUSTBOOKS,!Bujubojb!Me,0.0
BOOKFINDER.COM,V.Com S.A.,1.0
FILLZ,!Bujubojb!Me,0.0
CHRISLANDS,!Bujubojb!Me,0.0
ABEBOOKS,AbeBooks Inc.,0.9856881334292484
SHELFARI,!Bujubojb!Me,0.0
REFLEXIVE ENTERTAINMENT,Reflexive Ltd.,0.8315952885597184
IBERLIBRO,!Bujubojb!Me,0.0
LEXCYCLE,"Lexcycle, Inc.",0.9856881334292484
STANZA,!Bujubojb!Me,0.0
SNAPTELL,!Bujubojb!Me,0.0
ZAPPOS,Zappos IP LLC,0.8761912156785364
TOUCHCO,!Bujubojb!Me,0.0
QUORUS,!Bujubojb!Me,0.0
WOOT,!Bujubojb!Me,0.0
SONGZA,!Bujubojb!Me,0.0
AMIE STREET,Amie Design Limited,0.7202462084553132
BUYVIP,!Bujubojb!Me,0.0
QUIDSI,"Quidsi, Inc.",0.9856881334292484
METAWATCH,!Bujubojb!Me,0.0
THE BOOK DEPOSITORY,THE CANADIAN DEPOSITORY FOR SECURITIES LIMITED,0.5293317127514849
PUSHBUTTON,!Bujubojb!Me,0.0
YAP,SNC YAP,0.7947373809048119
TEACHSTREET,!Bujubojb!Me,0.0
KIVA SYSTEMS,"Kiva Systems, Inc.",0.9859191385992706
AVALON BOOKS,"L.J. Avalon, L.L.C.",0.6877417244617114
UPNEXT,!Bujubojb!Me,0.0
APPARIO RETAIL,Appario Global Solutions (AGS) AG,0.5382316291306706
IVONA TEXT-TO-SPEECH,IVONA Software Sp. z.o.o.,0.4773681658532026
DISCOVEREADS,!Bujubojb!Me,0.0
GOODREADS,!Bujubojb!Me,0.0
EVI,Evi Corporation,0.9516513208409922
SCREENTECH,!Bujubojb!Me,0.0
LIQUAVISTA,Liquavista B.V.,1.0
TENMARKS EDUCATION,"Education Advanced, Inc.",0.7782742512338553
DOUBLE HELIX GAMES,Double Helix Enterprises,0.782315983495275
COMIXOLOGY,!Bujubojb!Me,0.0
TWITCH,Twitch LLC,0.9668682431307567
ROOFTOP MEDIA,Rooftop Systems Inc.,0.7977049683889532
GOODGAME,!Bujubojb!Me,0.0
ANNAPURNA LABS,Annapurna Labs Ltd.,0.9819290657629822
2LEMETRY,!Bujubojb!Me,0.0
AMIATO,"Amiato, Inc.",0.9856881334292484
SHOEFITR,"Shoefitr, Inc.",0.9856881334292484
CLUSTERK,!Bujubojb!Me,0.0
APPTHWACK,!Bujubojb!Me,0.0
AWS ELEMENTAL,"AWS Industries, L.L.C.",0.6850938215644304
SAFABA TRANSLATION SOLUTIONS,"TRANSLATION  TECHNOLOGIES, INC.",0.8271162625402847
ORBEUS,"Orbeus, Inc.",0.9856881334292484
PARTPIC,!Bujubojb!Me,0.0
NICE,NICE S.p.A.,1.0
EMVANTAGE PAYMENTS,E-Payments,1.0
CLOUD9 IDE,"Cloud9 Technologies, LLC",0.7059782113227417
MMO-CHAMPION,Champion Technologies Ltd.,0.8773095909328019
CURSE,!Bujubojb!Me,0.0
ANGEL.AI,"I-ANGEL CO., LTD.",0.7105768519147029
BIBA,Biba Pty Ltd.,0.9111183911355492
HARVEST.AI,"E.T. Harvest Co., Ltd.",0.7100276912811401
THINKBOX SOFTWARE,"G-Software, Inc.",0.9481579913204111
DO,"E-Z-Do, Inc.",0.9669076923113498
SUKAR,!Bujubojb!Me,0.0
SOUQ,!Bujubojb!Me,0.0
WFM SELECT FISH,Select Technology Corporation,0.6122445346567376
WILD OATS MARKETPLACE,"American Oats, Inc.",0.5343114507642217
WHOLE FOODS MARKET,"Market, U.S.A.",0.5649023953366898
GAMESPARKS,!Bujubojb!Me,0.0
GRAPHIQ,!Bujubojb!Me,0.0
CLIPMINE,"ClipMine, Inc.",0.9856881334292484
WING,WING CORPORATION,0.9276709360168098
BODY LABS,"X-BODY, INC.",0.7695643737786603
IMMEDIA,"Immedia Semiconductor, Inc.",0.8695983921889124
BLINK,BLINK O.G. LTD.,0.9704670894274323
SQRRL,"Sqrrl Data, Inc.",0.8704827877801702
THE ALEXA ACCELERATOR,"Alexa Medical, LLC",0.6531222453108282
MR. BEAMS,Beams Holdings Limited,0.6796289272857295
RING,T-Ring Corporation,0.9237088749463939
PILLPACK,!Bujubojb!Me,0.0
TAPZO.,!Bujubojb!Me,0.0
REVLO,!Bujubojb!Me,0.0
CLOUDENDURE,CloudEndure Ltd.,0.9784038433045896
TSO LOGIC,TSO Logic Inc.,0.9887054638255505
DISPATCH,"National Dispatch Center, Inc.",0.7873141219295402
THINGTON,!Bujubojb!Me,0.0
EERO,eero Inc.,0.9856881334292484
CANVAS TECHNOLOGY,"Canvas Technology, Inc.",0.9798808710641285
BEBO,"Bebo, Inc.",0.9835677506048506
E8 STORAGE,E8 STORAGE SYSTEMS LTD.,0.9466525345945078
IGDB.COM,V.Com S.A.,1.0
INLT,!Bujubojb!Me,0.0
HEALTH NAVIGATOR,"Navigator Technology, Inc.",0.838137434975585
"TEAMSQL, INC.","A & V, Inc.",1.0
CLIMATE PLEDGE FUND,CLIMATE LLC,0.5035135990546702
ZOOX,"Zoox, Inc.",0.9856881334292484
WONDERY,!Bujubojb!Me,0.0
UMBRA,"Umbra U.S.A., Inc.",0.9810736997207748
DB BEST TECHNOLOGIES,S+DB B.V.,0.7128101827325478
SELZ,!Bujubojb!Me,0.0
PERPULE,!Bujubojb!Me,0.0
EPIX,"Epix, Inc.",0.9822941015967808
EVOLUTION MEDIA,M.M. Evolution S.r.l.,0.7988214160250019
MGM STUDIOS,"MGM PRODUCTS, INC.",0.6897192280277783
ART19,"ART19, Inc.",0.9856881334292484
NET POWER & LIGHT,"NET POWER AND LIGHT, INC.",0.9225206151250317
WICKR,WICKR INC.,0.9856881334292484
PRIONE,!Bujubojb!Me,0.0
PARCELBRIGHT,!Bujubojb!Me,0.0
VEEQO,!Bujubojb!Me,0.0
STRIO.AI,"7.ai, Inc.",0.9617691365701502
GLOWROAD,!Bujubojb!Me,0.0
NETWORK INNOVATIONS,GLOBAL INNOVATIONS NETWORK LLC,0.7976906622890708
ORION NETWORK SYSTEMS,"Orion Systems, Inc.",0.8079897844424155
STYLEWARE,!Bujubojb!Me,0.0
NASHOBA SYSTEMS,A.C.C. Systems,1.0
CORAL SOFTWARE,Coral S.p.A.,0.8433453957285659
NEXT,H-NEXT GMBH,0.9120629780428117
POWER COMPUTING,D & B Computing,0.8161590377521459
FILEMAKER,!Bujubojb!Me,0.0
XEMPLAR EDUCATION,"Education Advanced, Inc.",0.7782742512338553
RAYCER GRAPHICS,"Raycer, Incorporated",0.7659483724049903
NETSELECTOR,"NetSelector, Inc.",0.9856881334292484
POWERSCHOOL,!Bujubojb!Me,0.0
BLUE FISH LABS,"Ningbo Blue Fish Home Technology Co., Ltd.",0.6327452013457373
SPRUCE TECHNOLOGIES,"Spruce Environmental Technologies, Inc.",0.8613303592805096
NOTHING REAL,Nothing Technology Limited,0.7454534843418218
ZAYANTE,Zayante,1.0
PROPEL SOFTWARE,Propel Software Corporation,0.9610236921722455
PRISMO GRAPHICS,Prismo Limited,0.7895882734687381
EMAGIC,!Bujubojb!Me,0.0
FINGERWORKS,"Fingerworks, Inc.",0.9856881334292484
SCHEMASOFT,!Bujubojb!Me,0.0
BRAEBURN CAPITAL,Braeburn Systems LLC,0.7774706004507959
SILICON COLOR,F.S.K.COLOR,0.7249709598737031
PROXIMITY,"Proximity Controls, Inc.",0.8355389151932002
PA SEMI,"P.A. Semi, Inc.",0.682490624016036
PLACEBASE,!Bujubojb!Me,0.0
LALA,Grupo Industrial Lala. S.A. de C.V.,0.7163838347011572
RARELIGHT,!Bujubojb!Me,0.0
QUATTRO WIRELESS,I.QUATTRO S.R.L.,0.8588941256941475
INTRINSITY,"INTRINSITY, INC.",0.9856881334292484
SIRI,"Siri Systems, Inc.",0.9212187590340157
POLY9,!Bujubojb!Me,0.0
IMSENSE,!Bujubojb!Me,0.0
POLAR ROSE,"POLAR & CO., INC.",0.67416303152745
C3 TECHNOLOGIES,C3 Corporation,0.879153865722141
ANOBIT TECHNOLOGIES,Anobit Technologies Ltd.,0.9805355704199199
CHOMP,"Chomp, Inc.",0.9856881334292484
REDMATICA,!Bujubojb!Me,0.0
MOG,"Mog, Inc.",0.9856881334292484
EZVALIDATION,!Bujubojb!Me,0.0
ATRUA TECHNOLOGIES,Atrua Technologies,1.0000000000000002
UPEK,"Upek, Inc.",0.9856881334292484
AUTHENTEC,!Bujubojb!Me,0.0
PARTICLE,"PARTICLE CO., LTD.",0.9254728694016876
COLOR LABS INC.,"Color Labs, Inc.",1.0
WIFISLAM,!Bujubojb!Me,0.0
CATCH.COM,"Catch, Inc.",0.8073300036103457
PRIMESENSE,Primesense Ltd,0.9784038433045896
HOPSTOP.COM,"HOPSTOP.COM, INC.",0.9889715930648
LOCATIONARY,!Bujubojb!Me,0.0
PASSIF SEMICONDUCTOR,Passif Semiconductor Corp.,0.946557554110858
MATCHA,World Matcha Inc.,0.8574011398153674
EMBARK,"Embark, Inc.",0.9830903735160166
ALGOTRIM,!Bujubojb!Me,0.0
CUE,CUE INC.,0.9790025781840677
ACUNU,!Bujubojb!Me,0.0
TOPSY LABS,"Topsy Labs, Inc.",0.9880461007019156
BROADMAP,!Bujubojb!Me,0.0
SNAPPYLABS,!Bujubojb!Me,0.0
TESTFLIGHT,!Bujubojb!Me,0.0
BURSTLY,!Bujubojb!Me,0.0
NOVAURIS,Novauris Technologies Ltd.,0.9293613460170204
LUXVUE TECHNOLOGY,LuxVue Technology Corporation,0.9631597893813906
DAISY LLC,"Daisy, LLC",1.0
BEATS MUSIC,"BEATS MUSIC, LLC",0.9781722732112318
BEATS ELECTRONICS,"Beats Electronics, LLC",0.9736000234866894
SPOTSETTER,!Bujubojb!Me,0.0
BOOKLAMP,!Bujubojb!Me,0.0
CONCEPT.IO,"concept.io, Inc.",0.9845970812829725
PRSS,PRSS - Maschinen AG,0.7956826698240033
PRIMEPHONIC,!Bujubojb!Me,0.0
UNION BAY NETWORKS,"Union Bay Networks, Inc.",0.9869454451983939
SEMETRIC,!Bujubojb!Me,0.0
CAMEL AUDIO,"Camel Co., Ltd.",0.7780762659956942
AKIBAN TECHNOLOGIES,"Akiban Technologies, Inc.",0.9871150335865481
FOUNDATIONDB,"FoundationDB, LLC",0.9725229628698266
OTTOCAT,!Bujubojb!Me,0.0
DRYFT,"Let's Dryft, Inc.",0.7555858663958641
LINX IMAGING,LINX,0.8385441541022158
COHERENT NAVIGATION,"Coherent Navigation, Inc.",0.9877578269320441
METAIO,Metaio GmbH,0.9560115779270373
PRIVARIS,"Privaris, Inc.",0.9856881334292484
MAPSENSE,!Bujubojb!Me,0.0
VOCALIQ,!Bujubojb!Me,0.0
PERCEPTIO,!Bujubojb!Me,0.0
INFOSNAP,!Bujubojb!Me,0.0
FACESHIFT,faceshift AG,0.9294247746921936
EMOTIENT,"Emotient, Inc.",0.9856881334292484
LEARNSPROUT,!Bujubojb!Me,0.0
FLYBY MEDIA,"Flyby Media, Inc.",0.9884059557589291
LEGBACORE,!Bujubojb!Me,0.0
INTERACTIVE ACHIEVEMENT,Sales Achievement Limited,0.6764101535373731
TIENET SOLUTIONS,H.T. SOLUTIONS S.R.L.,1.0
"HAIKU LEARNING, INC.","HAIKU, INC.",0.8223234015425035
TURI,!Bujubojb!Me,0.0
SRB EDUCATION SOLUTIONS,"SRB CO., LTD.",0.7421799613040614
GLIIMPSE,!Bujubojb!Me,0.0
TUPLEJUMP,!Bujubojb!Me,0.0
HUNTER SYSTEMS,"Hunter Company, Inc.",0.7982342511625539
CHALKABLE,!Bujubojb!Me,0.0
INDOOR.IO,Indoor Technologies LTD,0.682488292997368
SUNGARD K-12,SUNGARD SYSTEMS INTERNATIONAL INC.,0.6484600729552286
REALFACE,!Bujubojb!Me,0.0
WORKFLOW,"WHP Workflow Solutions, Inc.",0.6740511850625489
BEDDIT,Beddit Oy,0.9062156189373299
LATTICE,"LATTICE INDUSTRIES, INC.",0.8930966583132137
SENSOMOTORIC INSTRUMENTS (SMI),Sensomotoric Instruments GmbH,0.7582270699184799
REGAIND,!Bujubojb!Me,0.0
POWERBYPROXI,PowerbyProxi Limited,0.9610924879125343
INVISAGE TECHNOLOGIES,"INVISAGE TECHNOLOGIES, INC.",0.9864022517916566
VRVANA,VRVANA INC.,0.9856881334292484
SPEKTRAL,!Bujubojb!Me,0.0
POP UP ARCHIVE,Archive Corporation,0.630487415903839
TUNEZEE,!Bujubojb!Me,0.0
SHAZAM ENTERTAINMENT,Shazam Entertainment Limited,0.9692983916620853
AC WELLNESS,AC S.A.,0.7085067661439131
NEXT ISSUE MEDIA,Next Issue Media,1.0
TEXTURE BY NEXT ISSUE,Next Issue Media,0.6575132722280856
SCHOOLSPRING,!Bujubojb!Me,0.0
NETCHEMIA,!Bujubojb!Me,0.0
SEARCHSOFT SOLUTIONS,H.T. SOLUTIONS S.R.L.,1.0
TEACHERMATCH,!Bujubojb!Me,0.0
TRUENORTHLOGIC,!Bujubojb!Me,0.0
PERFORMANCE MATTERS,"Engineering Matters, Inc.",0.7155120677984698
BEATHOME.COM,V.Com S.A.,1.0
LUMEWAVE,!Bujubojb!Me,0.0
AKONIA HOLOGRAPHICS,Akonia Holographics LLC,0.9832019329713402
SITEL SEMICONDUCTOR,SiTel Semiconductor B.V.,1.0
IWATT,iWatt Inc.,0.9848033107106109
SILEGO TECHNOLOGY,SILEGO TECHNOLOGY INC.,0.9869481156497008
DIALOG SEMICONDUCTOR,Dialog Semiconductor B.V.,1.0000000000000002
ASAII,!Bujubojb!Me,0.0
SILK LABS,"Silk Co., Ltd.",0.7860164760043282
PLATOON,!Bujubojb!Me,0.0
CAMERAI,!Bujubojb!Me,0.0
DATATIGER,!Bujubojb!Me,0.0
PULLSTRING,"PULLSTRING, INC.",0.9856881334292484
LASERLIKE,"Laserlike, Inc.",0.9856881334292484
STAMPLAY,!Bujubojb!Me,0.0
TUEO HEALTH,W. Health L.P.,1.0
DRIVE.AI,drive.ai Inc.,0.9826337292165699
FASHWELL,!Bujubojb!Me,0.0
IKINEMA,!Bujubojb!Me,0.0
CREATIVE CHIPS,"Chips & Technologies, L.L.C.",0.7465136445146829
SCHOOLOGY,!Bujubojb!Me,0.0
SPECTRAL EDGE,SPECTRAL EDGE LIMITED,0.9616641651319173
XNOR.AI,"XNOR.ai, Inc.",0.9894224280185043
S3 SEMICONDUCTORS,S3 Group Ltd.,0.6979347117883183
ECHELON,Echelon Corporation,0.9481408359779417
ADESTO TECHNOLOGIES,Adesto Technologies Corporation,0.9602122130967816
THE DARK SKY COMPANY,"Dark Energy, LLC",0.5951870919416258
VOYSIS,!Bujubojb!Me,0.0
NEXTVR,NextVR Inc.,0.9856881334292484
INDUCTIV,!Bujubojb!Me,0.0
FLEETSMITH,!Bujubojb!Me,0.0
MOBEEWAVE,"MOBEEWAVE, INC.",0.9856881334292484
SPACES,"OUTDOOR SPACES, INC.",0.7997185730490818
SCOUT FM,"Scout Technologies, LLC",0.6527095967672092
VILYNX,"Vilynx, Inc.",0.9856881334292484
WHITEWATER LEARNING,"Whitewater Electronics, Inc.",0.7025200812433613
MIZUNI,!Bujubojb!Me,0.0
DECISION INSITE,Insite Corporation,0.7069120912149222
TEMBO,"Tembo Systems, Inc.",0.9301256119863761
HOONUIT,!Bujubojb!Me,0.0
HOBSONS - INTERSECT,"Intersect Technologies, Inc.",0.9232252644370752
SOURCEDNA,"SourceDNA, Inc.",0.9856881334292484
"PAWS, INC","Paws Off, Inc.",0.780508034658522
KICKBOARD,!Bujubojb!Me,0.0
KINVOLVED,!Bujubojb!Me,0.0
AI MUSIC,AI Music Limited,0.9513528497698849
CREDIT KUDOS,KUDOS PHARMACEUTICALS LIMITED,0.649114324774435
UBER ELEVATE,"Uber Technology, Inc.",0.6600228669201961
JOBY AVIATION,"Joby Aviation, Inc.",0.9890699511187229
PARAKEY,!Bujubojb!Me,0.0
FRIENDFEED,!Bujubojb!Me,0.0
MESSENGER,"The Messenger Group, LLC",0.8302063531635145
OCTAZEN SOLUTIONS,H.T. SOLUTIONS S.R.L.,1.0
DIVVYSHOT,!Bujubojb!Me,0.0
SHAREGROVE,!Bujubojb!Me,0.0
HOT POTATO,"T & M Potato, LLC",0.7346108270725878
CHAI LABS,"Chai Holdings, LLC",0.7584622811276273
NEXTSTOP,!Bujubojb!Me,0.0
DROP.IO,DROP S.r.l.,0.7489298166870615
ZENBE,!Bujubojb!Me,0.0
REL8TION,!Bujubojb!Me,0.0
PURSUIT,Pursuit Enterprises,0.887537856269866
BELUGA,!Bujubojb!Me,0.0
SNAPTU,!Bujubojb!Me,0.0
DAYTUM,!Bujubojb!Me,0.0
SOFA,G-Sofa Inc.,0.9841252104064232
PUSH POP PRESS,"PUSH, INC.",0.6300218212639748
DIGITAL STAIRCASE,"MA Staircase LLC, Paracorp Incorporated",0.5332223763469579
STROBE,"Strobe Saver, LLC.",0.7720090801115482
MAILRANK,"MailRank, Inc.",0.9856881334292484
WHOGLUE,"Whoglue, Inc.",0.9856881334292484
GOWALLA (ACQUIRED BY FACEBOOK),"FACEBOOK, INC.",0.641477871232628
SENDOID,!Bujubojb!Me,0.0
FRIEND.LY,LY Corporation,0.6844577389160835
GAZEHAWK,!Bujubojb!Me,0.0
INSTAGRAM,!Bujubojb!Me,0.0
TAGTILE,!Bujubojb!Me,0.0
GLANCEE,!Bujubojb!Me,0.0
LIGHTBOX,"Lightbox Technologies, Inc.",0.9268644188031318
KARMA,"Karma, Inc.",0.9803480341577621
PIECEABLE,!Bujubojb!Me,0.0
FACE.COM,"Face Technologies, Inc.",0.7316058083293769
BOLT | PETERS,Peters,0.7364577610340405
SPOOL,"Cool Spool, Inc.",0.8086067886623175
ACRYLIC SOFTWARE,"U.S. Acrylic, LLC",0.826919930094641
THREADSY,!Bujubojb!Me,0.0
ATLAS SOLUTIONS,A/S Atlas,0.8463438894254665
STORYLANE,!Bujubojb!Me,0.0
HOT STUDIO,"HOT INC,.",0.7242434021705607
OSMETA,!Bujubojb!Me,0.0
SPACEPORT.IO,IO INC.,0.9722562192013547
PARSE,PARSE INC.,0.9856881334292484
MONOIDICS,!Bujubojb!Me,0.0
JIBBIGO,!Bujubojb!Me,0.0
LUMA.IO,Luma LLC,0.7427803531884334
ONAVO,ONAVO MOBILE LTD.,0.8534243241082867
SPORTSTREAM,!Bujubojb!Me,0.0
BRANCH,"Branch Technology, Inc.",0.8860504023921474
WHATSAPP,WhatsApp LLC,0.9725229628698266
OCULUS,Oculus Technologies Corporation,0.8878960844584071
ASCENTA (UK),"ASCENTA THERAPEUTICS, INC.",0.766901584086111
PROTOGEO,!Bujubojb!Me,0.0
MOVES,"HOUSE OF MOVES, INC.",0.7703523612631487
PRYTE,!Bujubojb!Me,0.0
CARBON DESIGN GROUP,"CARBON DESIGN SYSTEMS, INC.",0.7999254416594539
LITTLE EYE LABS,"EYE LABS, LLC",0.7378262267132754
RAKNET,!Bujubojb!Me,0.0
PRIVATECORE,!Bujubojb!Me,0.0
LIVERAIL,!Bujubojb!Me,0.0
NIMBLE VR,"Nimble Technology, Inc.",0.7017308889754174
13TH LAB,THE 13TH RESEARCH INSTITUTE OF CHINA ELECTRONICS,0.5779846053023814
WIT.AI,"WIT CO., LTD.",0.7727859119732029
QUICKFIRE NETWORKS,"Quickfire, Inc.",0.8694338728209471
TEEHAN+LAX,"LAX DR., LLC",0.8184869939146208
GLIMPSE.COM,Glimpse Group LLC,0.7749358894391392
ISTOREZ,!Bujubojb!Me,0.0
"THEFIND, INC.","TheFind, Inc.",1.0
TUGBOAT YARDS,"Tugboat Logic, Inc.",0.6109512056107046
SURREAL VISION LTD,SURREAL SUCCULENTS,0.605770997184369
PEBBLES INTERFACES,"Advanced Interfaces, Inc",0.8599773604046032
ENDAGA,!Bujubojb!Me,0.0
OCULUS MEDIUM,Oculus Technologies Corporation,0.6147857811232972
MASQUERADE,Midnight Masquerade Properties 49 (Pty) Ltd.,0.5568867855922124
TWO BIG EARS LTD,Ears Deutschland GmbH & Co.,0.5203929300241013
SNIBBE STUDIO,"Snibbe Interactive, Inc.",0.7092055363659263
EYEGROOVE,"EYEGROOVE, INC.",0.9856881334292484
NASCENT OBJECTS INC,"Nascent Systems, Inc.",0.6961006393605963
INFINILED,!Bujubojb!Me,0.0
CROWDTANGLE,!Bujubojb!Me,0.0
THE EYE TRIBE,THE EYE TRIBE APS,0.9035571032250443
SOURCE3,!Bujubojb!Me,0.0
OZLO,!Bujubojb!Me,0.0
FAYTEQ AG,FAYTEQ AG,1.0
TBH,TBH GMBH,0.9514440991986457
CONFIRM,Confirm Personal Care Industrial Corp.,0.6665265684263316
BLOOMSBURY AI,Bloomsbury Innovations Ltd.,0.7592667830917124
REDKIX,"REDKIX, INC.",0.9856881334292484
VIDPRESSO,!Bujubojb!Me,0.0
REFDASH,!Bujubojb!Me,0.0
DREAMBIT,!Bujubojb!Me,0.0
GROKSTYLE,!Bujubojb!Me,0.0
SONICS,S&F Sonics,1.0
SERVICEFRIEND,!Bujubojb!Me,0.0
CTRL-LABS,CTRL-labs Corporation,0.9633313172759316
BEAT GAMES (BEAT SABER),Beat Holding B.V.,0.7461712228630123
ATLAS ML,ML Corporation,0.741607426340927
PLAYGIGA,!Bujubojb!Me,0.0
PACKAGD,!Bujubojb!Me,0.0
NOVI,NOVI LLC,0.9625479654845297
SCAPE TECHNOLOGIES,Scape A/S,0.9389645845974883
SANZARU GAMES,"G Q Games, Inc.",0.9665287018898769
NUTMEG,"Nutmeg Sanitation, Inc.",0.7549583852729829
GIPHY CAPTURE,"GIPHY, INC.",0.7673968211372184
IMOJI,!Bujubojb!Me,0.0
ELECTRIC OBJECTS,"R-Objects, Inc.",0.8510415178960381
SLASH KEYBOARD,Slash Corporation,0.6961965340944386
GIPHY,"GIPHY, INC.",0.9856881334292484
MAPILLARY,MAPILLARY AB,0.9306842631409775
READY AT DAWN,Ready S.R.L.,0.5890734962454615
LEMNIS TECHNOLOGIES,Lemnis Lighting Patent Holding B.V.,0.6978726807973149
REPLY.AI,REPLY! INC.,0.8372373331685551
KUSTOMER,!Bujubojb!Me,0.0
DOWNPOUR INTERACTIVE,E.B.T. Interactive Ltd.,0.9460393716077019
UNIT 2 GAMES,Unit Corporation,0.6897545212130892
BIGBOX VR,"VR Systems, Inc.",0.8907533825983855
AI.REVERIE,"The Reverie Group, LLC",0.7222661870077175
WITHIN (VR/AR),Within Technologies Ltd.,0.5963857731096494
IMAGINEOPTIX,IMAGINEOPTIX CORPORATION,0.9597423367213705
PRESIZE.AI,"7.ai, Inc.",0.9617691365701502
INSTANTIATIONS,!Bujubojb!Me,0.0
BLOGGER,!Bujubojb!Me,0.0
DEJA,"Deja, Inc.",0.9835677506048506
OUTRIDE,!Bujubojb!Me,0.0
PYRA LABS,"Pyra Development, LLC",0.7953313986575662
APPLIED SEMANTICS,"Applied Semantics, Inc.",0.9873219601671972
NEOTONIC SOFTWARE,"G-Software, Inc.",0.9481579913204111
KALTIX,!Bujubojb!Me,0.0
GENIUS LABS,Genius s.r.l.,0.8326031196100139
SPRINKS,!Bujubojb!Me,0.0
GMAIL,!Bujubojb!Me,0.0
IGNITE LOGIC,"IGNITE, Inc.",0.7767178052013208
ZIPDASH,!Bujubojb!Me,0.0
WHERE 2 TECHNOLOGIES,"Where, Inc.",0.9275053321612233
KEYHOLE INC.,"A & V, Inc.",1.0
REQWIRELESS,!Bujubojb!Me,0.0
URCHIN SOFTWARE,Urchin Software Corporation,0.9661384468137407
DODGEBALL,!Bujubojb!Me,0.0
ANDROID,Android Corporation,0.9516513208409922
TRANSFORMIC,!Bujubojb!Me,0.0
SKIA,SKIA,1.0
AKWAN INFORMATION TECHNOLOGIES,"Information Technologies Research, Inc.",0.8299070402120555
PHATBITS,!Bujubojb!Me,0.0
ALLPAY,!Bujubojb!Me,0.0
BRUNET,Brunet France S.A.,0.8760664281610085
DMARC BROADCASTING,British Broadcasting Corporation of Broadcasting House,0.8272817069281078
MEASURE MAP,"MEASURE GLOBAL, INC.",0.632472964112663
UPSTARTLE,!Bujubojb!Me,0.0
SKETCHUP,!Bujubojb!Me,0.0
ORION,"Orion, S.p.A.",1.0
2WEB TECHNOLOGIES,A&A Technologies,1.0
NEVEN VISION,NEVEN-LEMMENS PLASTICS,0.5772868914855941
YOUTUBE,!Bujubojb!Me,0.0
JOTSPOT,!Bujubojb!Me,0.0
ENDOXON,!Bujubojb!Me,0.0
ADSCAPE,!Bujubojb!Me,0.0
TRENDALYZER,!Bujubojb!Me,0.0
TONIC SYSTEMS,"Tonic Software, Inc.",0.8044219122251257
MARRATECH,!Bujubojb!Me,0.0
BLOGBEAT LLC,A-M LLC,1.0
KOSISO - STORE,"K-Store, LLC",0.9490169357779069
GREENBORDER,!Bujubojb!Me,0.0
PANORAMIO,!Bujubojb!Me,0.0
PEAKSTREAM,!Bujubojb!Me,0.0
ZENTER,!Bujubojb!Me,0.0
GRANDCENTRAL,!Bujubojb!Me,0.0
POSTINI,"Postini, Inc.",0.9856881334292484
"IMAGE AMERICA, INC.",Image S.A.,0.787960586566379
TIANYA.CN,CN Industries Ltd.,0.87790993738541
ZINGKU,!Bujubojb!Me,0.0
JAIKU,!Bujubojb!Me,0.0
NETGRAVITY,!Bujubojb!Me,0.0
SMARTPATH INC,"A & V, Inc.",1.0
PERFORMICS,"Performics, Inc.",0.9856881334292484
FALK ESOLUTIONS,Falk eSolutions GmbH,0.973869716988981
DOUBLECLICK,DoubleClick Inc.,0.9856881334292484
ZAO BEGUN,"Zao An Co., Ltd.",0.7674996634265097
OMNISIO,!Bujubojb!Me,0.0
TNC,"TNC Design, Inc.",0.879223865390693
GV,GV S.A.,1.0
WAYMO,Waymo LLC,0.9725229628698266
HANTRO PRODUCTS,Hantro Products Oy,0.9161529824559045
ON2 TECHNOLOGIES,"On2 Technologies, Inc.",0.9864022517916566
RECAPTCHA,!Bujubojb!Me,0.0
ADWHIRL,!Bujubojb!Me,0.0
ADMOB,!Bujubojb!Me,0.0
GIZMOFIVE,!Bujubojb!Me,0.0
TERACENT,!Bujubojb!Me,0.0
APPJET,!Bujubojb!Me,0.0
DOCVERSE,!Bujubojb!Me,0.0
JIGSAW,"Jigsaw Technologies, Inc.",0.9249241575198821
X: ALPHABETâ€™S MOONSHOT FACTORY,"Alphabet, Inc.",0.6092597244113704
SECUREMEDIA,!Bujubojb!Me,0.0
SAYNOW,SayNow Corporation,0.9597423367213705
AARDVARK,AARDVARK,1.0
REMAIL,!Bujubojb!Me,0.0
PICNIK,!Bujubojb!Me,0.0
EPISODIC,!Bujubojb!Me,0.0
PLINK SOLUTIONS,H.T. SOLUTIONS S.R.L.,1.0
PLINK SEARCH,S. Search B.V.,1.0
AGNILUX,!Bujubojb!Me,0.0
LABPIXIES,!Bujubojb!Me,0.0
BUMPTOP,!Bujubojb!Me,0.0
GLOBAL IP SOLUTIONS,"GLOBAL IP SOLUTIONS, INC.",0.9785595816736629
SIMPLIFY MEDIA,"Simplify Systems, Inc.",0.7929714052944172
RUBA,!Bujubojb!Me,0.0
INVITE MEDIA,"E-Z Media, Inc.",0.9544103386986658
FREEBASE,!Bujubojb!Me,0.0
METAWEB TECHNOLOGIES,"Metaweb Technologies, Inc.",0.9871150335865481
HANDIPOINTS,!Bujubojb!Me,0.0
SLIDE,"Slide Systems, LLC",0.883136688113376
JAMBOOL,!Bujubojb!Me,0.0
ZETAWIRE,!Bujubojb!Me,0.0
WEARDROBE,!Bujubojb!Me,0.0
LIKE.COM,Like.com,1.0000000000000002
ANGSTRO,!Bujubojb!Me,0.0
SOCIALDECK,!Bujubojb!Me,0.0
MENTORWAVE TECHNOLOGIES,Mentorwave Technologies Ltd.,0.9805355704199199
QUIKSEE,!Bujubojb!Me,0.0
PLANNR,!Bujubojb!Me,0.0
BLINDTYPE,!Bujubojb!Me,0.0
PHONETIC ARTS,Phonetic Systems Ltd.,0.7683980086175605
WIDEVINE TECHNOLOGIES,"Widevine Technologies, Inc.",0.9871150335865481
ZECTER,!Bujubojb!Me,0.0
LOON,Loon LLC,0.9695883739485424
EBOOK TECHNOLOGIES,Gemstar EBook Group Limited,0.6559198706616517
FFLICK,!Bujubojb!Me,0.0
3LM,!Bujubojb!Me,0.0
ZYNAMICS,!Bujubojb!Me,0.0
NEXT NEW NETWORKS,H-NEXT GMBH,0.625716697871535
BEATTHATQUOTE.COM,V.Com S.A.,1.0
GREEN PARROT PICTURES,PARROT,0.6731731438771438
DREAMPARK,DREAMPARK INTERNATIONAL,0.9376534432061338
PUSHLIFE,!Bujubojb!Me,0.0
ITA SOFTWARE,"ITA Software, Inc.",0.9861615658722612
TALKBIN,!Bujubojb!Me,0.0
NUMOVIS INC,"A & V, Inc.",1.0
MODU,Modu Ltd.,0.9760742454997482
SPARKBUY,!Bujubojb!Me,0.0
ADMELD,!Bujubojb!Me,0.0
POSTRANK,!Bujubojb!Me,0.0
SAGETV,!Bujubojb!Me,0.0
PUNCHD,!Bujubojb!Me,0.0
JUSTSPOTTED,!Bujubojb!Me,0.0
FRIDGE,"Fridge Electric, LLC",0.8724247889872089
PITTPATT,!Bujubojb!Me,0.0
THE DEALMAP,Dealmap Inc.,0.9220393903592432
ZAVE NETWORKS,"Zave IP, LLC",0.7728512661796837
REDUTI,!Bujubojb!Me,0.0
DAILYDEAL,!Bujubojb!Me,0.0
SOCIALGRAPPLE,!Bujubojb!Me,0.0
ZAGAT,!Bujubojb!Me,0.0
APTURE,!Bujubojb!Me,0.0
KATANGO,!Bujubojb!Me,0.0
RIGHTSFLOW,!Bujubojb!Me,0.0
CLEVER SENSE,"CLEVER CO., LTD.",0.6994198308161698
SETJAM,!Bujubojb!Me,0.0
CAMPUS,"Campus 1, Inc.",0.9762961341332637
MILK,Milk Holding B.V.,0.8624735259976618
TXVIA,!Bujubojb!Me,0.0
MOTOROLA MOBILITY,Motorola Mobility LLC,0.9747284666282239
KIKSCORE,!Bujubojb!Me,0.0
MINDSET MEDIA,Mindset Innovation Inc.,0.7444810674093564
MEEBO,Meebo Inc.,0.9856881334292484
DYNOPLEX,!Bujubojb!Me,0.0
QUICKOFFICE,!Bujubojb!Me,0.0
SPARROW,"SPARROW CO., LTD",0.9439047840982936
WILDFIRE,"Wildfire, Inc.",0.9803480341577621
FROMMER'S,Frommer Lawrence & Huag LLP,0.585435180319099
VIRUSTOTAL,VirusTotal SLU,0.7579732855435553
"NIK SOFTWARE, INC.","Nik Software, Inc.",1.0000000000000002
VIEWDLE,Viewdle Inc.,0.9856881334292484
INCENTIVE TARGETING,Incentive AB,0.6799615976524824
BUFFERBOX,!Bujubojb!Me,0.0
CAPITALG,!Bujubojb!Me,0.0
VCOMMERCE,"Vcommerce Holdings, Inc.",0.9079030292395729
CHANNEL INTELLIGENCE,"Channel Intelligence, Inc.",0.9854050254414239
PHYZIOS,!Bujubojb!Me,0.0
DNNRESEARCH,!Bujubojb!Me,0.0
TALARIA,The Talaria Company,0.8877161410441591
BEHAVIO,!Bujubojb!Me,0.0
WAVII,!Bujubojb!Me,0.0
MYENERGY,!Bujubojb!Me,0.0
MAKANI POWER,"Makani Power, Inc.",0.9876271919264052
WAZE,Waze Mobile Ltd.,0.8534243241082867
WIMM LABS,"WIMM Labs, Inc.",0.9880461007019156
BUMP TECHNOLOGIES,"Bump Technologies, Inc.",0.9847195062110853
CALICO,"Calico Technology, Inc.",0.9275950304708167
FLUTTER,!Bujubojb!Me,0.0
FLEXYCORE,!Bujubojb!Me,0.0
SCHAFT,Schaft Inc.,0.9830903735160166
INDUSTRIAL PERECEPTION INC.,"L&H Industrial, Inc.",1.0000000000000002
REDWOOD ROBOTICS,Redwood Robotics Inc.,0.986063381912198
MEKA ROBOTICS,"Meka Robotics, LLC",0.9783668001595605
HOLOMNI,!Bujubojb!Me,0.0
BOT & DOLLY,"Bot & Dolly, LLC",0.9814614640136741
BOSTON DYNAMICS,"Boston Dynamics, Inc.",0.9824766939255989
GRIDCENTRIC,Gridcentric Inc.,0.9856881334292484
SIDEWALK LABS,Sidewalk Labs LLC,0.9761876819938515
NEST LABS,"Nest Labs, Inc.",0.9848177812173785
IMPERMIUM,!Bujubojb!Me,0.0
DEEPMIND,DeepMind Technologies Limited,0.9144865127625434
SLICKLOGIN,!Bujubojb!Me,0.0
SPIDER.IO,Spider A/S,0.7523550422224943
GREEN THROTTLE GAMES,"Green Throttle Games, Inc.",0.990952234656452
TITAN AEROSPACE,Titan Aerospace Electronics Division,0.7941560221746085
RANGESPAN,!Bujubojb!Me,0.0
ADOMETRY BY GOOGLE,"Adometry, Inc.",0.6804796768514964
APPETAS,!Bujubojb!Me,0.0
STACKDRIVER,!Bujubojb!Me,0.0
QUEST VISUAL,"E-Quest, Inc.",0.7059016765615721
DIVIDE,"AIR DIVIDE, LLC",0.8507323246149938
TERRA BELLA,Terra Bella Technologies Inc.,0.9451673503121312
ALPENTAL TECHNOLOGIES,A&A Technologies,1.0
MDIALOG,mDialog Corporation,0.9597423367213705
DROPCAM,!Bujubojb!Me,0.0
CISIMPLE,!Bujubojb!Me,0.0
APPURIFY,"Appurify, Inc.",0.9856881334292484
CIINOW,!Bujubojb!Me,0.0
DRAWELEMENTS,!Bujubojb!Me,0.0
LITTLE LACE BOX,LACE,0.6665264947556441
DIRECTR,!Bujubojb!Me,0.0
EMU MESSENGER,Emu AG,0.6287199369439305
JETPAC,!Bujubojb!Me,0.0
GECKO DESIGN INC.,Gecko AB,0.7967441643809742
ZYNC RENDER,DEEP RENDER LTD.,0.7960617018380134
POLAR,"POLAR & CO., INC.",0.9313959869278104
LIFT LABS,LIFT'O,0.7917948471124281
TAGGPIC (ACQUIRED BY GOOGLE),GOOGLE LLC,0.605196594617498
FIREBASE,!Bujubojb!Me,0.0
DARK BLUE LABS,Dark Matter Labs Inc.,0.6612545091874804
VISION FACTORY,Factory Vision Solutions Corporation,0.8540733537489422
REVOLV,!Bujubojb!Me,0.0
RELATIVEWAVE,!Bujubojb!Me,0.0
VIDMAKER,!Bujubojb!Me,0.0
VERILY,VERILY LIFE SERVICES LLC,0.7875126976453579
GRANATA DECISION SYSTEMS,"Peter Granata Design, LLC",0.5824632435131041
LAUNCHPAD TOYS,LAUNCHPAD HOSPITALITY LLC,0.6405196790402657
ODYSEE,!Bujubojb!Me,0.0
TORO,Toro Development Ltd.,0.8793919015451986
APPORTABLE,!Bujubojb!Me,0.0
SOFTCARD,!Bujubojb!Me,0.0
THRIVE AUDIO,THRIVE SOLUTIONS LTD.,0.7275081481685169
SKILLMAN & HACKETT,"Skillman Pump Company, LLP",0.722040339453154
TIMEFUL,!Bujubojb!Me,0.0
PULSE.IO,IO INC.,0.6818973378979484
AGAWI INC,"A & V, Inc.",1.0
PIXATE,"Pixate, Inc.",0.9856881334292484
AKM3,!Bujubojb!Me,0.0
OYSTER,Oyster International N.V.,0.9218406219725305
JIBE MOBILE,Jibe Mobile,1.0000000000000002
DIVSHOT,!Bujubojb!Me,0.0
DIGISFERA,!Bujubojb!Me,0.0
DIGITAL NEWS INITIATIVE INNOVATION FUND,U.S. News,0.509053352923897
FLY LABS,Fly Technologies Inc.,0.7426755061705399
BEBOP,Bebop Incorporated,0.9085797913214919
BANDPAGE,!Bujubojb!Me,0.0
PIE,Pie Associates,0.8717442794653685
HARK,"Hark'n Technologies, Inc.",0.929142088601533
SUBARCTIC LIMITED,1 . . . Limited,1.0
SYNERGYSE,!Bujubojb!Me,0.0
WEBPASS,!Bujubojb!Me,0.0
MOODSTOCKS,!Bujubojb!Me,0.0
ANVATO,"Anvato, Inc.",0.9856881334292484
KIFI,!Bujubojb!Me,0.0
LAUNCHKIT,!Bujubojb!Me,0.0
ORBITERA,!Bujubojb!Me,0.0
USERGRID,!Bujubojb!Me,0.0
WHOLESALE APPLICATION COMMUNITY (WAC) APPLICATION SERVICES LTD.,Technology Application Services,0.6532805603714056
INSIGHTSONE,!Bujubojb!Me,0.0
APIGEE,Apigee Corporation,0.9597423367213705
URBAN ENGINES,"URBAN ENGINES, INC.",0.9853680483610883
DIALOGFLOW,!Bujubojb!Me,0.0
UNDECIDABLE LABS,C-Labs S.R.L.,1.0
RE FAME,Fame Technologies GmbH,0.7066238984382096
FAMEBIT,!Bujubojb!Me,0.0
EYEFLUENCE,"EYEFLUENCE, INC.",0.9856881334292484
LEAPDROID,!Bujubojb!Me,0.0
OUTLEARN,!Bujubojb!Me,0.0
QWIKLABS,!Bujubojb!Me,0.0
CRONOLOGICS CORPORATION,1-O-X Corporation,1.0
GRADIENT VENTURES,Gradient Inc.,0.8177454774496894
LIMES AUDIO,Limes Audio AB,0.947951971027497
FIRETOWER.APP,T-APP Ltd.,0.9640454932330871
FASTLANE,Fastlane Construction Software Inc.,0.7937568406651206
CRASHLYTICS,"Crashlytics, Inc.",0.9856881334292484
KAGGLE,!Bujubojb!Me,0.0
APPBRIDGE,!Bujubojb!Me,0.0
OWLCHEMY LABS,C-Labs S.R.L.,1.0
HALLI LABS,C-Labs S.R.L.,1.0
REDUX ST,"Redux, Inc.",0.8327024634699633
SENOSIS HEALTH,W. Health L.P.,1.0
AIMATTER,!Bujubojb!Me,0.0
HTC - PIXEL PHONE DIVISION,HTC CORPORATION,0.552300724693228
BITIUM,"BITIUM, INC.",0.9856881334292484
RELAY MEDIA,"Relay, Inc.",0.8260833858157992
60DB,!Bujubojb!Me,0.0
CHRONICLE,Chronicle LLC,0.9708600430017259
XIVELY,!Bujubojb!Me,0.0
BANTER,Banter Limited,0.9587813678185122
TENOR INC,KLA-Tenor Corp.,0.7203283974626138
VELOSTRATA,VELOSTRATA LTD.,0.9784038433045896
CASK,"CASK DATA, INC.",0.8589230644546094
GRAPHICSFUZZ,!Bujubojb!Me,0.0
ONWARD,ONWARD MEDICAL B.V.,0.9075820345176598
WORKBENCH PLATFORM,Platform Systems Inc.,0.8883170236332936
WHERE IS MY TRAIN,"Where, Inc.",0.5764555086227074
DEVOPS RESEARCH AND ASSESSMENT,"Assessment Systems, Ltd.",0.7389429822410873
ALOOMA,!Bujubojb!Me,0.0
KINEMA SYSTEMS,Kinema Systems Inc.,0.9864552221473266
LOOKER,"Looker, Inc.",0.9848033107106109
ELASTIFILE,Elastifile Ltd.,0.9784038433045896
SOCRATIC,!Bujubojb!Me,0.0
YOUTUBE KIDS,"P. J. Kids, LLC",0.9508592696463113
SWITCH2HEALTH,Switch2Health,1.0
FITSTAR (ACQ. BY FITBIT),"FITBIT, LLC",0.6593504518659009
COIN,"Coin Medical Technologies, Ltd.",0.8064649490519818
PEBBLE,Pebble-i Inc.,0.9810736997207748
VECTOR WATCH,"6 Watch, Inc.",0.663828542438416
TWINE HEALTH,TWINE SOLUTIONS LTD.,0.7835003701739027
FITBIT,"FITBIT, LLC",0.9725229628698266
CLOUDSIMPLE,!Bujubojb!Me,0.0
LATENT LOGIC,"Latent AI, Inc.",0.664888909605115
TYPHOON STUDIOS,S.C.P. TYPHOON,0.7873922924001614
POINTY,!Bujubojb!Me,0.0
APPSHEET,!Bujubojb!Me,0.0
HIRE,Baron Hire Limited,0.6996225755311115
CORNERSTONE,"Cornerstone Products, Inc.",0.8941624476927237
NORTH,NORTH INC.,0.9522173591089436
ACTIFIO,"Actifio, Inc.",0.9856881334292484
ACTIFO,"Actifo, Inc.",0.9856881334292484
DATAFORM,!Bujubojb!Me,0.0
FLINT INNOVATIONS LIMITED,Flint Engineering Limited,0.785600925770607
NEVERWARE,!Bujubojb!Me,0.0
DYSONICS,DYSONICS CORPORATION,0.9597423367213705
PROVINO TECHNOLOGIES,"PROVINO TECHNOLOGIES, INC.",0.9871150335865481
SIGNALPATH,"SignalPath, LLC",0.9725229628698266
MUJOCO,!Bujubojb!Me,0.0
TEMPOW,!Bujubojb!Me,0.0
SIMSIM,!Bujubojb!Me,0.0
SIEMPLIFY,!Bujubojb!Me,0.0
UNVEILLANCE,!Bujubojb!Me,0.0
INTRIGUE CORPORATION,"Intrigue Technologies, Inc.",0.8979324603504205
MANDIANT,"Mandiant, Inc.",0.9856881334292484
RAXIUM,"RAXIUM, INC.",0.9856881334292484
MOBILEDGEX,!Bujubojb!Me,0.0
VISUAL STUDIO,"Visual f/x, Inc.",0.6973694123963902
FORETHOUGHT,"Forethought Financial Services, Inc.",0.773299021363115
CONSUMERS SOFTWARE,Consumers Energy Company,0.7252014796761443
MICROSOFT RESEARCH,Microsoft Corporation,0.8529198820896668
FOX SOFTWARE,FOX CORPORATION,0.7463373477465306
SOFTIMAGE,Softimage,1.0
ALTAMIRA SOFTWARE,ALTAMIRA TECHNOLOGIES CORPORATION,0.8040640867108989
NEXTBASE,Nextbase Offshore Oy,0.7784377899938489
ONE TREE SOFTWARE LTD,"Software Tree, LLC",0.774169009454263
MSN,MSN LABORATORIES PRIVATE LIMITED,0.7650091787341858
RAZORFISH,!Bujubojb!Me,0.0
RENDERMORPHICS,!Bujubojb!Me,0.0
NETWORK MANAGERS,"Power Resource Managers, LLP",0.5833756888260215
BLUE RIBBON SOUNDWORKS,Blue Ribbon IP LLC,0.6209751996366879
NETWISE,!Bujubojb!Me,0.0
BRUCE ARTWICK ORGANIZATION,Bruce Corporation,0.7230811261373216
SOFTARTISANS,!Bujubojb!Me,0.0
VERMEER TECHNOLOGIES,"Vermeer Technologies, Inc.",0.9850469045287529
COLUSA SOFTWARE,"G-Software, Inc.",0.9481579913204111
EXOS,EXOS GMBH,0.9560115779270373
ASPECT SOFTWARE INC,"ASPECT SOFTWARE, INC.",1.0000000000000002
ESHOP,!Bujubojb!Me,0.0
ELECTRIC GRAVITY,"GRAVITY TECHNOLOGIES, LLC",0.7478392379839797
NETCARTA,!Bujubojb!Me,0.0
MICROSOFT ADVERTISING,Microsoft Corporation,0.7106433115476322
INTERSE,!Bujubojb!Me,0.0
WEBTV NETWORKS,"WebTV Networks, Inc.",0.9878790505976535
DIMENSION X,"DIMENSION, INC.",0.9741365742228415
COOPER & PETERS,Peters,0.7568395110094254
LINKAGE SOFTWARE,Linkage Inc.,0.8563692464752498
VXTREME,!Bujubojb!Me,0.0
HOTMAIL,!Bujubojb!Me,0.0
WINDOWS LIVE HOTMAIL,"G.I. Windows, Inc.",0.7054969637671675
FIREFLY NETWORK,"Firefly Network, Inc.",0.9849538505944863
MESA GROUP,Mesa Technology,0.8315823514676814
MERCHANT PLANET,Merchant Corporation Limited,0.69054250021753
VALENCE TECHNOLOGY,"Valence Technology, Inc.",0.9844841822206162
VALENCE RESEARCH,Valence Corporation,0.8740493161161282
SUBMIT IT!,O.M.IT S.R.L.,1.0
LINKEXCHANGE,!Bujubojb!Me,0.0
FASA INTERACTIVE,E.B.T. Interactive Ltd.,0.9460393716077019
COMPARENET,!Bujubojb!Me,0.0
NUMINOUS TECHNOLOGIES,A&A Technologies,1.0
JUMP NETWORKS,"Jump Technologies, Inc.",0.7664882592745805
SHADOWFACTOR SOFTWARE,"G-Software, Inc.",0.9481579913204111
OMNIBROWSE,!Bujubojb!Me,0.0
SENDIT,Sendit AB,0.9306842631409775
ZOOMIT,!Bujubojb!Me,0.0
STNC,!Bujubojb!Me,0.0
INTRINSA,Intrinsa Corporation,0.9597423367213705
I-CUBE,CUBE S.r.L.,1.0
VISIO CORPORATION,VISIO NERF,0.6769531408178036
SOFTWAY SYSTEMS,"Softway Industrial Solutions, LLC",0.7924005653248473
ENTROPIC,"Entropic Systems, Inc.",0.9249415716201699
ENTROPIC RESEARCH LABORATORIES,"Entropic Systems, Inc.",0.7664815817957297
AVANADE,Avanade Holdings LLC,0.8975839268699672
XBOX GAME STUDIOS,Krew Game Studios LLC,0.7076185368956878
PEACH NETWORKS,"Peach, U.S., Inc.",0.8270691735229299
BUNGIE,"Bungie, Inc.",0.9848033107106109
NETGAMES,!Bujubojb!Me,0.0
MONGOMUSIC,!Bujubojb!Me,0.0
PACIFIC MICROSONICS,"Pacific Microsonics, Inc.",0.9886121764164395
DIGITAL ANVIL,Anvil Corporation,0.8047315038455907
GREAT PLAIN SOFTWARE,"Great Plain Technologies, LLC",0.8481799570992277
GREAT PLAINS SOFTWARE,"Great Plains Industries, Inc.",0.821823567901252
TURN 10 STUDIOS,10&8,0.5967360348085957
NCOMPASS LABS,C-Labs S.R.L.,1.0
XDEGREES,!Bujubojb!Me,0.0
NAVISION,!Bujubojb!Me,0.0
RARE,RARE INC.,0.975995500962017
VICINITY CORPORATION,Vicinity Corporation,1.0000000000000002
CONNECTIX,Connectix Corporation,0.9597423367213705
PELICAN SECURITY,"PELICAN CO., LTD.",0.7772973348464519
PLACEWARE,"Placeware, Inc.",0.9856881334292484
RAV ANTIVIRUS,High Antivirus Research Inc.,0.5986692317506198
ELOQUENT TECHNOLOGY,A.N.B. Technology S.R.L.,1.0
ACTIVEVIEWS,!Bujubojb!Me,0.0
LOOKOUT SOFTWARE,"Lookout, Inc.",0.8593079016706907
GIANT COMPANY SOFTWARE,GIANT S.r.l.,0.7766473478825945
SYBARI,!Bujubojb!Me,0.0
GROOVE NETWORKS,"Groove Networks, Inc.",0.9861774785894382
MESSAGECAST,!Bujubojb!Me,0.0
FRONTBRIDGE TECHNOLOGIES,A&A Technologies,1.0
TELEO,"Teleo, Inc.",0.9856881334292484
ALACRIS,!Bujubojb!Me,0.0
UNVEIL TECHNOLOGIES,"UNVEIL, LLC",0.9217669170513566
MEDIA-STREAMS.COM,APOLLO STREAMS INC.,0.6056551752916887
FOLDERSHARE,!Bujubojb!Me,0.0
5TH FINGER,"Finger Power, Inc.",0.5964034871829786
SEADRAGON SOFTWARE,"SEADRAGON SOFTWARE, INC.",0.988594305835545
MOTION BRIDGE,BRIDGE S.R.L.,0.7388396974346516
ONFOLIO,!Bujubojb!Me,0.0
APPTIMUM,!Bujubojb!Me,0.0
PROCLARITY,ProClarity Corporation,0.9597423367213705
LIONHEAD STUDIOS,"LIONHEAD HELMET INTELLECTUAL PROPERTIES, LP",0.4979023780012016
ASSETMETRIX CORPORATION,"AssetMetrix, Inc.",0.946006632455913
MASSIVE,Massive Incorporated,0.9049785330230051
VEXCEL,Vexcel Corporation,0.9573563128356014
DEEPMETRIX,!Bujubojb!Me,0.0
WHALE COMMUNICATIONS,Whale Communications Ltd.,0.9774951910679894
IVIEW MULTIMEDIA,"IVIEW CO., LTD.",0.7572206573588249
SOFTRICITY,"Softricity, Inc.",0.9856881334292484
WINTERNALS,!Bujubojb!Me,0.0
AZYXXI,!Bujubojb!Me,0.0
GTEKO,"GTEKO, Ltd.",0.9784038433045896
DESKTOPSTANDARD,!Bujubojb!Me,0.0
COLLOQUIS,"Colloquis, Inc.",0.9856881334292484
MEDSTORY,!Bujubojb!Me,0.0
TELLME,"TellMe Networks, Inc.",0.872189223470728
DEVBIZ BUSINESS SOLUTIONS,"E&C Business Solutions, Inc.",0.9722134138897769
SCREEN TONIC,"Tonic Software, Inc.",0.6796378940096683
NETCONVERSIONS,!Bujubojb!Me,0.0
AQUANTIVE,"aQuantive, Inc.",0.9856881334292484
ENGRYO,!Bujubojb!Me,0.0
ENGYRO,!Bujubojb!Me,0.0
STRATATURE,!Bujubojb!Me,0.0
ADECN,!Bujubojb!Me,0.0
PARLANO,"Parlano, Inc.",0.9856881334292484
GLOBAL CARE SOLUTIONS,Global Care Group Ltd.,0.7532076041531284
MUSIWAVE,!Bujubojb!Me,0.0
WEBFIVES,!Bujubojb!Me,0.0
MULTIMAP,!Bujubojb!Me,0.0
AGENTARTS,"AgentArts, Inc.",0.9856881334292484
FAST SEARCH & TRANSFER,Fast Search and Transfer ASA,0.8353776134169448
CALISTA TECHNOLOGIES,"Calista Technologies, Inc.",0.9858618831999376
CALIGARI CORPORATION,1-O-X Corporation,1.0
DANGER,"Danger, Inc.",0.9841252104064232
YADATA,!Bujubojb!Me,0.0
CREDENTICA,!Bujubojb!Me,0.0
KIDARO,"Kidaro, Inc.",0.9848033107106109
RAPT,RAPT LLC,0.9661662268351524
90 DEGREE SOFTWARE,"90 Degree Towel, LLC",0.74267149093149
KOMOKU,!Bujubojb!Me,0.0
FARECAST,"Farecast, Inc.",0.9856881334292484
NAVIC NETWORKS,"Navic Co., Ltd.",0.8334089481317715
NAVIC SYSTEMS,"Navic Systems, Inc.",0.9864552221473266
MOBICOMP,!Bujubojb!Me,0.0
POWERSET,"Green Powerset Co., LTD",0.8422517177809311
ZOOMIX,!Bujubojb!Me,0.0
DATALLEGRO,"DATAllegro, Inc.",0.9856881334292484
GOZING,!Bujubojb!Me,0.0
CIAO,CIAO INC.,0.9856881334292484
QUADRANGLE GROUP,C & C GROUP S.R.L.,1.0
GREENFIELD ONLINE,Greenfield Online,1.0
WYSIWYG,!Bujubojb!Me,0.0
BIGPARK,!Bujubojb!Me,0.0
ROSETTA BIOSOFTWARE,Rosetta Technologies Corporation,0.8866814226749339
CLICKSTREAM TECHNOLOGIES,CLICKSTREAM TECHNOLOGIES PLC,0.8851521558487307
INTERACTIVE SUPERCOMPUTING,Supercomputing Systems AG,0.711238529154794
SENTILLION,"Sentillion, Inc.",0.9856881334292484
OPALIS SOFTWARE,OPALIS,0.8907415698023209
AZURE,Azure Solutions Limited,0.8587245137973081
"AVICIS, INC.","A & V, Inc.",1.0
VIANETA COMMUNICATIONS,Vianeta Corporation,0.8477761525801382
FLASH COMMUNICATIONS,"Flash Communications, Inc.",0.9830588160962397
AVICODE,Avicode Inc.,0.9856881334292484
CANESTA,"Canesta, Inc.",0.9856881334292484
5 MORE MINUTES LTD,"Minutes Matter Solutions, Inc.",0.5901773568703021
SONORIT,!Bujubojb!Me,0.0
QIK,"QIK, LLC",0.9708600430017259
SKYPE,SKYPE,1.0
PRODIANCE CORPORATION,1-O-X Corporation,1.0
PROFESSIONAL SPEECH PROCESSING GROUP OF SIEMENS AG,Speech Processing Solutions GMBH,0.5891335204990685
SENSOBI,!Bujubojb!Me,0.0
GROUPME,!Bujubojb!Me,0.0
TWISTED PIXEL GAMES,"Twisted X, Inc.",0.6423879738120445
VIDEOSURF,"VIDEOSURF, INC.",0.9856881334292484
ONEDRUM,!Bujubojb!Me,0.0
YAMMER,"Yammer, Inc.",0.9856881334292484
PERCEPTIVE PIXEL,"PERCEPTIVE PIXEL, INC.",0.989272087776421
PHONEFACTOR,"Phonefactor, Inc.",0.9856881334292484
MILEIQ,MileIQ Inc.,0.9856881334292484
STORSIMPLE,"STORSIMPLE, INC.",0.9856881334292484
MARKETINGPILOT,!Bujubojb!Me,0.0
M3 TECHNOLOGY GROUP,M3 Technology Inc.,0.8969417639418619
AZALEOS,Azaleos Corporation,0.9597423367213705
R2 STUDIOS,"R2 Technology, Inc.",0.7137580502730676
ID8 GROUP R2 STUDIOS,"id8 Group R2 Studios, Inc.",0.9938376799618219
PANDO NETWORKS,"Pando Networks, Inc.",0.9882783968700838
OPSTERA,!Bujubojb!Me,0.0
METRICSHUB,!Bujubojb!Me,0.0
NETBREEZE,NETBREEZE GMBH,0.9560115779270373
RAZORFISH TECHNOLOGIES INDIA,OIL INDIA LIMITED,0.6407799016614368
INRELEASE,!Bujubojb!Me,0.0
NOKIA - DEVICES & SERVICES BUSINESS,Nokia Corporation,0.5885246104661118
APIPHANY,!Bujubojb!Me,0.0
PARATURE,!Bujubojb!Me,0.0
GREENBUTTON,Greenbutton Limited,0.9610924879125343
CAPPTAIN,!Bujubojb!Me,0.0
CROWN PARTNERS,B.S.D. CROWN LTD,0.7308348503076659
SYNTAXTREE,!Bujubojb!Me,0.0
INMAGE SYSTEMS,"InMage Systems, Inc.",0.9871626056622612
MOJANG STUDIOS,Universal Studios LLC,0.7353792055487685
EQUIVIO,Equivio Ltd.,0.9784038433045896
AORATO,Aorato Ltd,0.9784038433045896
ACOMPLI,!Bujubojb!Me,0.0
HOCKEYAPP,!Bujubojb!Me,0.0
BIT STADIUM GMBH,"2 Bit, Inc.",0.6411921158156998
REVOLUTION ANALYTICS,"REVOLUTION TECHNOLOGIES, INC.",0.6722351464810636
SUNRISE,"Sunrise Technologies, Inc.",0.8927845152255295
N-TRIG,N-trig Ltd.,0.9739109098180273
LIVELOOP,"LIVELOOP, INC.",0.9856881334292484
DATAZEN SOFTWARE,"G-Software, Inc.",0.9481579913204111
MOPED,"General Moped Co., Inc.",0.8549716423843081
WUNDERLIST,!Bujubojb!Me,0.0
BLUESTRIPE,"BlueStripe Software, Inc.",0.880582043877589
FIELDONE SYSTEMS,A.C.C. Systems,1.0
ADALLOM,"Adallom Technologies, Ltd.",0.9293613460170204
FANTASYSALESTEAM,!Bujubojb!Me,0.0
DOUBLE LABS,Double Double Inc.,0.8023749487944271
VOLOMETRIX,!Bujubojb!Me,0.0
ECHO LOCKER,"Locker 2.0, Inc.",0.7167307198739671
ADXSTUDIO,!Bujubojb!Me,0.0
TRINIGY,!Bujubojb!Me,0.0
ROCKETBOX STUDIOS,Universal Studios LLC,0.7353792055487685
HAVOK,!Bujubojb!Me,0.0
MOBILE DATA LABS,"MOBILE DATA LABS, INC.",0.983781721226126
SECURE ISLANDS TECHNOLOGIES,Secure Islands Technologies Ltd,0.9825480782456626
METANAUTIX,!Bujubojb!Me,0.0
TALKO,Talko Inc.,0.9856881334292484
EVENT ZERO,"Event Systems, Inc.",0.6892190072806682
MINECRAFTEDU,!Bujubojb!Me,0.0
SWIFTKEY,!Bujubojb!Me,0.0
GROOVE (DBA ZIKERA),"GROOVE X, INC.",0.7452725978291662
LESSPAINFUL,!Bujubojb!Me,0.0
ROBOVM AB,P&P AB,1.0
XAMARIN,Xamarin Inc.,0.9856881334292484
SOLAIR,!Bujubojb!Me,0.0
M12 - MICROSOFT'S VENTURE FUND,Microsoft Corporation,0.6224415982341476
MSPOKE,!Bujubojb!Me,0.0
CHOICEVENDOR,!Bujubojb!Me,0.0
CARDMUNCH,!Bujubojb!Me,0.0
CONNECTED,"Connected Holdings, LLC",0.8424797501386303
INDEXTANK,!Bujubojb!Me,0.0
QWERLY,!Bujubojb!Me,0.0
RAPPORTIVE,!Bujubojb!Me,0.0
LINKEDIN SLIDESHARE,LinkedIn Corporation,0.9597423367213705
VIDEO2BRAIN,!Bujubojb!Me,0.0
INBOUND SCORE,"Score Technologies, Inc.",0.9107552856135868
PULSE,"PULSE, LLC",0.9492482518293124
BRIGHT.COM,Bright Company Inc.,0.678816818639456
COMPILR,!Bujubojb!Me,0.0
NEWSLE,!Bujubojb!Me,0.0
BIZO,!Bujubojb!Me,0.0
WE CREATED IT,"We R, LLC",0.5301305082219097
CAREERIFY,!Bujubojb!Me,0.0
REFRESH.IO,"Refresh Glass, LLC",0.6540647685423921
LYNDA,Lynda Emon,0.7071067811865476
FLIPTOP,!Bujubojb!Me,0.0
CONNECTIFIER,!Bujubojb!Me,0.0
RUN HOP,n-hop technologies Limited,0.6289636132633422
LINKEDIN,LinkedIn Corporation,0.9597423367213705
WAND LABS,"Wand Labs, Inc.",0.9860059239010386
CODE CONNECT,"CODE-X, INC.",0.703418251715516
POINTDRIVE,!Bujubojb!Me,0.0
MIXER,MIXER TECHNOLOGIES INC.,0.9190759766517108
GENEE,!Bujubojb!Me,0.0
MALUUBA,Maluuba Inc.,0.9856881334292484
DONYA LABS,DONYA LABS AB,0.9438504227106783
OPEN BUILD SERVICE,Build IP LLC,0.5437542686064049
DEIS.COM,V.Com S.A.,1.0
INTENTIONAL SOFTWARE,INTENTIONAL SOFTWARE CORPORATION,0.9676602000013246
HEXADITE,Hexadite LTD.,0.9784038433045896
HEIGHTEN,!Bujubojb!Me,0.0
CLOUDYN,!Bujubojb!Me,0.0
CYCLE COMPUTING,"Cycle Computing, LLC",0.9704124916517797
ALTSPACEVR,!Bujubojb!Me,0.0
SWING TECHNOLOGIES,Swing S.R.L.,0.9136112378875876
AVERE SYSTEMS,"Avere Systems, Inc.",0.9864552221473266
PLAYFAB,!Bujubojb!Me,0.0
CHALKUP,!Bujubojb!Me,0.0
MICROSOFT FOR STARTUPS,Microsoft Corporation,0.5634533118808214
SEMANTIC MACHINES,"Semantic Machines, Inc.",0.9877234620633784
ORDERED LIST,"Ordered Networks, Inc.",0.663776335089934
EASEL,EASEL BIOTECHNOLOGIES LLC,0.8018990183544796
GITHUB,"GITHUB, INC.",0.9848033107106109
PLAYGROUND GAMES,"PLAYGROUND CO., LTD.",0.754550337700612
NINJA THEORY,"NINJA HOLDINGS, LLC",0.6263217170743633
UNDEAD LABS,C-Labs S.R.L.,1.0
COMPULSION GAMES,"G Q Games, Inc.",0.9665287018898769
FLIPGRID,!Bujubojb!Me,0.0
BONSAI,Bonsai Technology Company,0.8978463741906876
LOUD & CLEAR,"Loud & Clear Products, LLC",0.9283060744975498
LOBE,Lobe Sciences Ltd.,0.8691241162314655
GLINT,"Glint Photonics, Inc.",0.8394751913749523
OBSIDIAN ENTERTAINMENT,"Obsidian, Inc.",0.7979296046470916
INXILE ENTERTAINMENT,"INXILE ENTERTAINMENT, INC.",0.9895991450380845
XOXCO,!Bujubojb!Me,0.0
FSLOGIX,"FSLOGIX, INC.",0.9856881334292484
SPECTRUM,"SPECTRUM CO, LLC",0.8972684499653725
SENDBLOOM,!Bujubojb!Me,0.0
CITUS DATA,CITUS DATA BILGI ISLEMLERI TICARET A.S.,0.6067112273050979
DATASENSE,!Bujubojb!Me,0.0
MICROSOFT EDGE INSIDER,"Insider Products, Inc.",0.6162874903448063
EXPRESS LOGIC,"Logic Express Systems, Inc.",0.9249130441634474
DEPENDABOT,!Bujubojb!Me,0.0
DRAWBRIDGE,"Drawbridge, Inc.",0.9835677506048506
DOUBLE FINE PRODUCTIONS,Double Double Inc.,0.6051401244504337
PULL PANDA,Pull S.A.,0.7085937098345514
BLUETALON,"BlueTalon, Inc.",0.9856881334292484
PROMOTEIQ,!Bujubojb!Me,0.0
JCLARITY,!Bujubojb!Me,0.0
MOVERE,!Bujubojb!Me,0.0
SEMMLE,Semmle Limited,0.9610924879125343
ALNAMIC,!Bujubojb!Me,0.0
MOVER,M-MOVER HOLDINGS LIMITED,0.8645058265983343
GITALYTICS,!Bujubojb!Me,0.0
ALTIUS,Altius Space Machines,0.7500509888513465
LIFT SECURITY,LIFT'O,0.7774680965061603
NPM,NPM International,0.9410413783084429
AFFIRMED NETWORKS,"Affirmed Networks, Inc.",0.9875567456520494
UPCOUNSEL,!Bujubojb!Me,0.0
CYBERX,CYBERX ENGINEERING INC.,0.9090768591772149
APPTRIGGER,!Bujubojb!Me,0.0
COLIBRIA,!Bujubojb!Me,0.0
OPENCLOUD,!Bujubojb!Me,0.0
METASWITCH NETWORKS,Metaswitch Networks Ltd.,0.9830767222702331
SOFTOMOTIVE,!Bujubojb!Me,0.0
ADRM SOFTWARE,"G-Software, Inc.",0.9481579913204111
ORIONS SYSTEMS,"Orions Digital Systems, Inc.",0.8764915337790041
ID SOFTWARE,ID R&D INC.,0.7737389548980778
ESCALATION STUDIOS,"Escalation Studios, Inc.",0.990228312135679
ZENIMAX,ZeniMax Media Inc.,0.8676707767094419
NEOTECH SOLUTIONS,"NEOTECH CO., LTD.",0.8568397303821568
AZEO,!Bujubojb!Me,0.0
SMASH.GG,"GG & G, Inc.",0.676209088432055
AVED ELECTRONICS,F. B. Electronics,1.0
DENALION ENERGY SYSTEMS,B & E Energy Systems Inc.,0.9567639637846661
LITHION POWER GROUP,Lithion Battery Inc.,0.6874830364408908
THE MARSDEN GROUP,THE MARSDEN GROUP,1.0000000000000002
CALERA RECOGNITION SYSTEMS,Palantir Corporation (Calera Recognition Systems),0.8063672263071999
CAERE,Caere Corporation,0.9597423367213705
LOBBY7,!Bujubojb!Me,0.0
SPEECHWORKS,"Speechworks International, Inc.",0.9290853782171982
LOCUS DIALOGUE,Dialogue Technology Corp.,0.6878018504603839
TELELOGUE,"Telelogue, Inc.",0.9856881334292484
RHETORICAL SYSTEMS,RHETORICAL SYSTEMS LIMITED,0.9649671423571552
PHONETIC SYSTEMS,Phonetic Systems Ltd.,0.9806067215153513
MEDREMOTE,!Bujubojb!Me,0.0
DICTAPHONE,Dictaphone Corporation.,0.9597423367213705
BEVOCAL,Bevocal LLC,0.9725229628698266
BLUESTAR RESOURCES,"BLUESTAR GENOMICS, INC.",0.660052003703159
FOCUS INFORMATICS,HEALTH INFORMATICS INC.,0.6129421037482689
VOICESIGNAL TECHNOLOGIES,A&A Technologies,1.0
TEGIC,"Tegic Communications, Inc.",0.8811017460889433
COMMISSURE,!Bujubojb!Me,0.0
VOCADA,"Vocada, Inc.",0.9856881334292484
VIECORE,!Bujubojb!Me,0.0
ESCRIPTION,"eScription, Inc.",0.9856881334292484
MULTIVISION COMMUNICATIONS,"Multivision Products, Inc.",0.8252217628101647
SNAPIN SOFTWARE,SNAPin Software Inc.,0.988594305835545
ZI CORPORATION,Zi Technology Corporation LTD,0.9209134203885064
JOTT,Jott Australia Pty Ltd.,0.8151318062977483
MEDICAL DICTATION SERVICES,"D.M.S. Data Medical Services, S.r.l.",0.7406414364556482
ECOPY,!Bujubojb!Me,0.0
SPINVOX,SpinVox Limited,0.9610924879125343
MACSPEECH,!Bujubojb!Me,0.0
SPHERIS,!Bujubojb!Me,0.0
SHAPEWRITER,Shapewriter Inc.,0.9856881334292484
INFORMATION TECHNOLOGIES AUSTRALIA,"Information Technologies Research, Inc.",0.6224934160771075
SPRYANCE,!Bujubojb!Me,0.0
PERSAY,Persay Inc.,0.9856881334292484
EQUITRAC,Equitrac Corporation,0.9597423367213705
SVOX,Svox AG,0.9294247746921936
WEBMEDX,!Bujubojb!Me,0.0
LOQUENDO,Loquendo S.p.A.,1.0
SWYPE,!Bujubojb!Me,0.0
VLINGO,Vlingo Corporation,0.9597423367213705
TRANSCEND SERVICES,Transcend Inc.,0.8753969209514787
SAFECOM,Safecom A/S,1.0
DITECH NETWORKS,"Ditech Networks, Inc.",0.9875567456520494
QUADRAMED QUANTIM CORP,QuadraMed Affinity Corporation,0.7049228013628103
J.A. THOMAS AND ASSOCIATES,E.B. Thomas,0.718490178061865
ACCENTUS,Accentus LLC,0.9695883739485424
VIRTUOZ,VirtuOz SA,0.9001051227086094
COPITRAK,Copitrak Inc.,0.9856881334292484
TWEDDLE GROUP - TWEDDLE CONNECT BUSINESS,"Tweddle Group, Inc.",0.8856429441875645
COGNITION TECHNOLOGIES,"COGNITION THERAPEUTICS, INC.",0.7831241317347604
ACCELARAD,!Bujubojb!Me,0.0
NOTABLE SOLUTIONS,"Notable Solutions, Inc.",0.9862255388688657
TOUCHCOMMERCE,"TouchCommerce, Inc.",0.9856881334292484
MCARBON,!Bujubojb!Me,0.0
VOICEBOX TECHNOLOGIES,Voicebox Technologies Corporation,0.9636142771372145
SAYKARA,!Bujubojb!Me,0.0
NUANCE COMMUNICATIONS,"Nuance Communications, Inc.",0.9858229280000648
KINVOLK,!Bujubojb!Me,0.0
REFIRM LABS,"ReFirm Labs, Inc.",0.9886004692375052
PASSIVETOTAL,!Bujubojb!Me,0.0
MACCABIM.COM LTD.,V.Com S.A.,0.9338426828940637
RISKIQ,"RiskIQ, Inc.",0.9856881334292484
CLOUDKNOX SECURITY,"CloudKnox Security, Inc.",0.9888271443865586
SUPLARI,!Bujubojb!Me,0.0
JUMPROPE,!Bujubojb!Me,0.0
PEER5,!Bujubojb!Me,0.0
CLIPCHAMP,Clipchamp IP Pty Ltd,0.8339952193682817
BETTERFLY (ACQUIRED),"Acquired Technolgy, Inc.",0.7445616202000263
CHROMATIK,!Bujubojb!Me,0.0
TAKELESSONS,!Bujubojb!Me,0.0
ZEPEL.IO,IO INC.,0.9722562192013547
ALLY.IO,"Digital Ally, Inc.",0.6546797569932497
QUANTIQ,!Bujubojb!Me,0.0
CLEAR SOFTWARE,Clear Inc.,0.7714678540518718
IMAGEVISION,"IMAGEVISION.NET, LLC",0.8213589686121728
TWO HAT SECURITY,Two Hat Security Research Corp.,0.906362181441086
CLYPD,"clypd, Inc.",0.9856881334292484
XANDR,Xandr Inc.,0.9856881334292484
ORIBI,!Bujubojb!Me,0.0
PADDLE HR,"HR Technology, Inc.",0.6450939112850784
MINIT,Minit of Canada Ltd.,0.8189686974651698
TREYARCH,"Treyarch Invention, L.L.C.",0.8048744947796145
GRAY MATTER INTERACTIVE STUDIOS,"Gray Matter Holdings, LLC",0.6907279426014248
SHABA GAMES,"G Q Games, Inc.",0.9665287018898769
Z-AXIS LTD.,AXIS,0.9634874884917365
RADICAL ENTERTAINMENT,"Radical Products, Inc.",0.7132296652709076
BEENOX,!Bujubojb!Me,0.0
HIGH MOON STUDIOS,C.A. Moon Limited,0.5886408093589295
REDOCTANE,!Bujubojb!Me,0.0
GAMEBATTLES,!Bujubojb!Me,0.0
DEMONWARE,!Bujubojb!Me,0.0
GOTFRAG,!Bujubojb!Me,0.0
BUDCAT CREATIONS,"H.I.S. Creations, Inc.",0.9665909505947642
CALIFORNIA 7 STUDIOS,California,0.6534079094851247
AGORA GAMES,"Agora, LLC",0.7712165712908592
FABRICATION GAMES,"J & S Fabrication, Inc.",0.6968826122419305
NONSTOP GAMES,Nonstop Evolving Corp.,0.5985839188529921
Z2,Z2 COOL COMICS LLC,0.6421123745170307
KING.COM,KING.COM LTD.,0.9686017728883939
MAJOR LEAGUE GAMING,"SUPER LEAGUE GAMING, INC.",0.6707356807781025
OMNIATA,!Bujubojb!Me,0.0
ACTIVISION BLIZZARD,"Activision, Inc.",0.726332865052855
JUNGLEE CORP,Junglee Corporation,0.89490830447172
ALEXA INTERNET,Alexa Internet,1.0
AUDIBLE INC,"Audible, Inc.",1.0
AUTHENTEC INC,"A & V, Inc.",1.0
WHATSAPP INC,WhatsApp LLC,0.9586043439882417
WHATSAPP LLC,WhatsApp LLC,1.0000000000000002
APPL SEMANTICS INC,Appl Inc.,0.7356708650991177
POSTINI INC,"Postini, Inc.",1.0
ON2 TECH INC,"On2 Technologies, Inc.",0.8589571929337109
BROADBUS TECH INC,"Broadbus Technologies, Inc.",0.8659820470790832
CLIN MICRO SENSORS INC,"Integrated Micro Sensors, Inc.",0.5756852533834111
GEN INSTR CORP,Fairchild Camera & Instr. Corp.,0.5648850640250397
GOOD TECH INC,"GOOD.B, LLC",0.7629930718182627
MOTOROLA INC,"Motorola, Inc.",1.0
NETOPIA INC,"Netopia, Inc.",1.0
NEXT LEVEL COMMUN INC,"Next Level Communications, Inc",0.6480042247137539
STARFISH SFTWR INC,Starfish Technologies LLC,0.896610548576473
SYMBOL TECH INC,Symbol LLC,0.8493015820445112
TELXON CORP,TELXON CORPORATION,0.89490830447172
TUT SYS INC,"Tut Systems, Inc.",0.7479074177873583
X DEVELOPMENT LLC,J&K Development LLC,1.0000000000000002
FITBIT INC,"FITBIT, LLC",0.9586043439882417
WEBTV NETWORK INC,"WebTV Networks, Inc.",0.761704976415573
VICINITY CORP,Vicinity Corporation,0.8845509056725586
AQUANTIVE INC,"aQuantive, Inc.",1.0
AMER ONLINE INC,AMER S.P.A.,0.7596944259779469
LINKEDIN CORP,LinkedIn Corporation,0.89490830447172
AKAMAI TECHNOLOGIES INC,"Akamai Technologies, Inc.",1.0000000000000002
NEXT COMPUTER INC,"NeXT Computer, Inc.",1.0
NOTHING REAL LLC,Nothing Technology Limited,0.7300857408234188
POWER COMPUTING CORP-CLONE- MAKING DIVISION,"The Clone, LLC",0.5010285648995554
POWERSCHOOL INC,"A & V, Inc.",1.0
PROPEL SOFTWARE CORP,Propel Software Corporation,0.8980853174477846
SILICON COLOR INC,"E-Color, Inc.",0.73591360972153
SILICON GRAIL CORP-CHALICE & RAYZ DIGITAL EFFECTS PRODUCTS,Chalice S.R.L.,0.47813317835611524
SPRUCE TECHNOLOGIES INC(JAPAN INFORMATION PROCESSING SERVICE CO),"Spruce Environmental Technologies, Inc.",0.5598149388229693
ZAYANTE INC,Zayante,0.9856881334292484
BEATS ELECTRONICS LLC,"Beats Electronics, LLC",1.0
PERCEPTIO INC,"A & V, Inc.",1.0
PULLSTRING INC,"PULLSTRING, INC.",1.0
ICLOUD.NET,"C/Net, Inc.",0.9672673291549123
LEGBACORE LLC,A-M LLC,1.0
BURSTLY INC,"A & V, Inc.",1.0
CHOMP INC,"Chomp, Inc.",1.0
XNOR.AI INC,"XNOR.ai, Inc.",1.0000000000000002
DARK SKY CO LLC,"Dark Energy, LLC",0.6825763253971437
EMOTIENT INC,"Emotient, Inc.",1.0
DESKCONNECT LLC,A-M LLC,1.0
LEARNSPROUT INC,"A & V, Inc.",1.0
FLYBY MEDIA INC,"Flyby Media, Inc.",1.0
INTEL CORP-SMARTPHONE MODEM CHIP BUSINESS,Intelligent Modem Corporation,0.4327746178028371
FLEETSMITH INC,"A & V, Inc.",1.0
LA LA MEDIA INC,La La La La Ltd.,0.8810002850175442
DRIVE.AI INC,drive.ai Inc.,1.0
HOPSTOP.COM INC,"HOPSTOP.COM, INC.",1.0
PASSIF SEMICONDUCTOR CORP,Passif Semiconductor Corp.,1.0000000000000002
MATCHA INC,World Matcha Inc.,0.8698503215539732
EMBARK INC,"Embark, Inc.",1.0
LATTICE DATA INC,"LATTICE INDUSTRIES, INC.",0.771719474577053
SPACES INC,"OUTDOOR SPACES, INC.",0.8149201689906891
MIRA LABS INC,"Mira Labs, Inc.",1.0
WAVEONE INC,WAVEONE INC.,1.0
PA SEMI INC,"P.A. Semi, Inc.",0.7094921167296885
QUATTRO WIRELESS INC,I.QUATTRO S.R.L.,0.8492077600101313
SIRI INC,"Siri Systems, Inc.",0.9374645667503477
TOPSY LABS INC,"Topsy Labs, Inc.",1.0000000000000002
COHERENT NAVIGATION INC,"Coherent Navigation, Inc.",1.0000000000000002
NEXTVR INC,NextVR Inc.,1.0
LASERLIKE INC,"Laserlike, Inc.",1.0
ATLAS ADVERTISER SUITE,Suite Solutions Designs Ltd.,0.6237266981120709
BELUGA INC,"A & V, Inc.",1.0
BOLT & PETERS,Peters,0.7364577610340405
CROWDTANGLE INC,"A & V, Inc.",1.0
FACIOMETRICS LLC,A-M LLC,1.0
GROKSTYLE INC,"A & V, Inc.",1.0
CHAI LABS INC,"Chai Holdings, LLC",0.7481090899581087
CONFIRM INC,Confirm Personal Care Industrial Corp.,0.6563975712628339
DROP.IO INC,DROP S.r.l.,0.7395894907582394
MIXTENT INC,"A & V, Inc.",1.0
GIPHY INC,"GIPHY, INC.",1.0
THEFIND INC,"TheFind, Inc.",1.0
FRIENDFEED INC,"A & V, Inc.",1.0
GAZEHAWK INC,"A & V, Inc.",1.0
GLANCEE INC,"A & V, Inc.",1.0
GOWALLA INC,"A & V, Inc.",1.0
PARSE INC,PARSE INC.,1.0
HOTPOTATO MEDIA INC,"E-Z Media, Inc.",1.0000000000000002
INSTAGRAM INC,"A & V, Inc.",1.0
MALBEC LABS INC,Malbec Partnership,0.7687627361497161
MOBILE TECHNOLOGIES,"MOBILE TECHNOLOGIES, INC.",0.9684359005597505
WIT.AI INC,"WIT CO., LTD.",0.7628150829195126
NONSTOP GAMES INC,Nonstop Evolving Corp.,0.5924919569660695
QUICKFIRE NETWORKS CORP,"Quickfire, Inc.",0.8227080622166048
NEXTSTOP.COM,V.Com S.A.,1.0
ONAVO INC,ONAVO MOBILE LTD.,0.8412102290534151
CTRL-LABS CORP,CTRL-labs Corporation,0.9038334299489036
PARAKEY INC,"A & V, Inc.",1.0
OZLO INC,"A & V, Inc.",1.0
SHAREGROVE INC,"A & V, Inc.",1.0
SPOOL INC,"Cool Spool, Inc.",0.8210845555330699
KARMA SCIENCE INC,"Karma, Inc.",0.872564338095292
STROBE INC,"Strobe Saver, LLC.",0.760277097992506
BRANCH MEDIA INC,"Branch Technology, Inc.",0.7215521099330745
SOURCE3 INC,"A & V, Inc.",1.0
WALLETIN,!Bujubojb!Me,0.0
THREADSY INC,"A & V, Inc.",1.0
OCULUS VR INC,"Oculus VR, LLC",0.9679245437633968
PACKAGD CORP,A.L.M.T. CORP.,1.0
CAMOUFLAJ,!Bujubojb!Me,0.0
KUSTOMER INC,"A & V, Inc.",1.0
IMAGINEOPTIX CORP,IMAGINEOPTIX CORPORATION,0.89490830447172
BLINKAI TECHNOLOGIES INC,"BlinkAI Technologies, Inc.",1.0000000000000002
WITHIN UNLIMITED INC,"Within Unlimited, Inc.",1.0
WHISPER.AI INC,"WHISPER.AI, Inc.",1.0
ADOMETRY INC,"Adometry, Inc.",1.0
APPJET INC,"A & V, Inc.",1.0
ADMELD INC,"A & V, Inc.",1.0
ANDROID INC,Android Corporation,0.93515966353498
ANGSTRO INC,"A & V, Inc.",1.0
APIGEE CORP,Apigee Corporation,0.89490830447172
APPLIED SEMANTICS INC,"Applied Semantics, Inc.",1.0
APTURE INC,"A & V, Inc.",1.0
@LAST SOFTWARE,"@Last Software, Inc.",0.9842353612613398
BLINDTYPE INC,"A & V, Inc.",1.0
INCENTIVE TARGETING INC,Incentive AB,0.6734132524786405
APPETAS INC,"A & V, Inc.",1.0
STACKDRIVER INC,"A & V, Inc.",1.0
QUEST VISUAL INC,"E-Quest, Inc.",0.7362821769468748
SKYBOX IMAGING INC,"Skybox Imaging, Inc.",1.0
JIBE MOBILE INC,Jibe Mobile,0.988296732472278
DIVSHOT INC,"A & V, Inc.",1.0
QWIKLABS INC,"A & V, Inc.",1.0
CHANNEL INTELLIGENCE INC,"Channel Intelligence, Inc.",1.0
CLEVER SENSE INC,"CLEVER CO., LTD.",0.690527029311047
FLY LABS INC,Fly Technologies Inc.,0.7671170501455976
BEBOP TECHNOLOGY LLC,Bebop Incorporated,0.8414887553064907
DMARC BROADCASTING INC,British Broadcasting Corporation of Broadcasting House,0.8063964687665431
ADMOB INC,"A & V, Inc.",1.0
DEJA.COM INC-USENET DISCUSSION SERVICE,"Deja, Inc.",0.778986609093282
DOCVERSE INC,"A & V, Inc.",1.0
DODGEBALL.COM,V.Com S.A.,1.0
DOUBLECLICK INC,DoubleClick Inc.,1.0
EBOOK TECHNOLOGIES INC,Gemstar EBook Group Limited,0.6474683651582605
TINKER SQUARE INC,"Tinker, Inc.",0.8010697861595739
JETPAC INC,"A & V, Inc.",1.0
ZYNC INC,"A & V, Inc.",1.0
LYNX DESIGN INC,"Lynx Systems, Inc.",0.8037316957515377
INPUT FACTORY INC,Input Technologies Inc.,0.7676647663263165
TWITTER INC-FABRIC SOFTWARE,"Twitter, Inc.",0.739498093441583
EPISODIC INC,"A & V, Inc.",1.0
EVERYTHING IS THE BEST LLC,"ALEX IS THE BEST, LLC",0.651022632273833
FEEDBURNER INC,"A & V, Inc.",1.0
GIZMO5,!Bujubojb!Me,0.0
ADSCAPE MEDIA INC,"E-Z Media, Inc.",1.0000000000000002
GRANDCENTRAL COMMUNICATIONS,H&M Communications,1.0
GREENBORDER TECHNOLOGIES INC,"B & H Technologies, Inc.",1.0
WAVII INC,"A & V, Inc.",1.0
NEST LABS INC,"Nest Labs, Inc.",1.0000000000000002
FIREBASE INC,"A & V, Inc.",1.0
KAGGLE INC,"A & V, Inc.",1.0
JOTSPOT INC,"A & V, Inc.",1.0
ITA SOFTWARE INC,"ITA Software, Inc.",1.0
INVITE MEDIA INC,"E-Z Media, Inc.",1.0000000000000002
JAMBOOL INC,"A & V, Inc.",1.0
KALTIX CORP,A.L.M.T. CORP.,1.0
KEYHOLE CORP,A.L.M.T. CORP.,1.0
KATANGO INC,"A & V, Inc.",1.0
RELATIVE WAVE LLC,RELATIVE MOTION LLC,0.7084253481339209
MECHANICAL ZOO INC,Zoo Digital Limited,0.6521535801820484
MEEBO.COM INC,Meebo Inc.,0.8785510902464837
METAWEB TECHNOLOGIES INC,"Metaweb Technologies, Inc.",1.0000000000000002
ENTERPROID INC,Enterproid HK Ltd,0.8144329778999805
APPURIFY INC,"Appurify, Inc.",1.0
WIMM LABS INC,"WIMM Labs, Inc.",1.0000000000000002
LAUNCHPAD TOYS INC,LAUNCHPAD HOSPITALITY LLC,0.6339440947482274
MOTOROLA MOBILITY HOLDINGS INC,Motorola Mobility LLC,0.8915154111591462
AGNILUX INC,"A & V, Inc.",1.0
NEVEN VISION INC,NEVEN-LEMMENS PLASTICS,0.5709853812351758
OMNISIO INC,"A & V, Inc.",1.0
ON2 TECHNOLOGIES INC,"On2 Technologies, Inc.",1.0000000000000002
OUTRIDE INC-TECHNOLOGY ASSETS,"3 T Assets, LLC",0.8447101158809024
PICNIK.COM,V.Com S.A.,1.0
BUMP TECHNOLOGIES INC,"Bump Technologies, Inc.",1.0
FLUTTER INC,"A & V, Inc.",1.0
RED HOT LABS INC,"W-A Red Hot, Inc.",0.8851098714877452
ATHENA WIRELESS COMMUNICATIONS INC,"Wireless Communications, Inc.",0.7108486170945761
PICASA INC,"A & V, Inc.",1.0
PITTSBURGH PATTERN RECOGNITION {PITTPATT},"Pittsburgh Pattern Recognition, Inc.",0.9921389871449818
QUICKOFFICE INC,"A & V, Inc.",1.0
PUNCHD LABS INC,"A E Labs, Inc.",1.0000000000000002
RUBA INC,"A & V, Inc.",1.0
SAGETV LLC,A-M LLC,1.0
TIMEFUL INC,"A & V, Inc.",1.0
ANVATO INC,"Anvato, Inc.",1.0
SAYNOW INC,SayNow Corporation,0.946006632455913
SIMPLIFY MEDIA INC,"Simplify Systems, Inc.",0.8101755073690825
SLIDE INC,"Slide Systems, LLC",0.8629835281836923
SPARKBUY INC,"A & V, Inc.",1.0
TERACENT CORP,A.L.M.T. CORP.,1.0
TONIC SYSTEMS INC,"Tonic Software, Inc.",0.8203706173610724
TRANSFORMIC INC,"A & V, Inc.",1.0
BOT SQUARE INC,BOT LLC,0.735444235252721
IMPERMIUM CORP,A.L.M.T. CORP.,1.0
MEKA ROBOTICS LLC,"Meka Robotics, LLC",1.0
ORBITERA INC,"A & V, Inc.",1.0
BITIUM INC,"BITIUM, INC.",1.0
UPSTARTLE LLC,A-M LLC,1.0
URCHIN SOFTWARE CORP,Urchin Software Corporation,0.9108721690047901
TXVIA INC,"A & V, Inc.",1.0
WIDEVINE TECHNOLOGIES INC,"Widevine Technologies, Inc.",1.0000000000000002
WILDFIRE INTERACTIVE INC,"Wildfire Interactive, Inc.",1.0
JOHN WILEY & SONS INC-CONSUMER PRINT & DIGITAL PUBLISHING ASSET,"John Wiley & Sons, Inc.",0.6422206563133985
ZAVE NETWORKS INC,"Zave IP, LLC",0.7642045360145359
YOUTUBE INC,"A & V, Inc.",1.0
ZAGAT SURVEY LLC,T & A Survey B.V.,0.9564815447668651
ZIPDASH INC,"A & V, Inc.",1.0
PIXATE INC,"Pixate, Inc.",1.0
FORTYTWO INC,"FortyTwo, Inc.",1.0
URBAN ENGINES INC,"URBAN ENGINES, INC.",1.0
EYEFLUENCE INC,"EYEFLUENCE, INC.",1.0
ELEMENTAL TECHNOLOGIES INC,"Elemental Technologies, Inc.",1.0
DATAROW,!Bujubojb!Me,0.0
TALEN ENERGY CORP-DATA CENTER,"TALEN-X, INC.",0.7054598627753838
HERCULES LABS INC,HERCULES LLC,0.7920304304506803
WICKR INC,WICKR INC.,1.0
SQRRL DATA INC,"Sqrrl Data, Inc.",1.0
CUMULUS DIGITAL LLC,"CUMULUS DIGITAL SYSTEMS, INC.",0.916627433470017
TRELLIS AUTOMATION INC,"Trellis, Inc.",0.8564433837094859
AT&T CORP,AT&T CORP.,1.0000000000000002
ACTIVISION BLIZZARD INC,"Activision, Inc.",0.7426664491884177
ACTIVEVIEWS INC,"A & V, Inc.",1.0
ALTAMIRA SOFTWARE CORP,ALTAMIRA TECHNOLOGIES CORPORATION,0.758068992178726
APPLE COMPUTER INC,Apple Computer Inc.,1.0000000000000002
APPTIMUM INC,"A & V, Inc.",1.0
ASPECT SOFTWARE ENGINEERING,"ASPECT SOFTWARE, INC.",0.9075372005271363
AVICODE INC,Avicode Inc.,1.0
BANYAN SYSTEMS INC,"Banyan Systems, Inc.",1.0000000000000002
BLUE RIBBON SOUNDWORKS LTD,Blue Ribbon IP LLC,0.6138287814423734
DOUBLE LABS INC,"Double 0-7, Inc.",0.8162914084690344
CITUS DATA INC,CITUS DATA BILGI ISLEMLERI TICARET A.S.,0.599949971698457
BUNGIE SOFTWARE,"Bungie, Inc.",0.871529126599398
CMG INFORMATION SERVICES INC,"CMG Financial Services, Inc.",0.7463805987509584
CALISTA TECHNOLOGIES INC,"Calista Technologies, Inc.",1.0
CANESTA INC,"Canesta, Inc.",1.0
CHYRON CORP,Chyron Corporation,0.89490830447172
CLEAR SOFTWARE LLC,"C-Clear, LLC",0.8130865503625341
COLLOQUIS INC,"Colloquis, Inc.",1.0
COLUSA SOFTWARE INC,"G-Software, Inc.",1.0
ID8 GROUP R2 STUDIOS INC,"id8 Group R2 Studios, Inc.",1.0000000000000002
INMAGE SYSTEMS INC,"InMage Systems, Inc.",1.0
MOBILE DATA LABS INC,"MOBILE DATA LABS, INC.",1.0
ALTSPACE VR,"VR Systems, Inc.",0.8907533825983855
PLAYFAB INC,"A & V, Inc.",1.0
AFFIRMED NETWORKS INC,"Affirmed Networks, Inc.",1.0
COMCAST CORP,"Comcast IP Holdings I, LLC",0.714090866077736
COMPARENET INC,"A & V, Inc.",1.0
CONNECTIX CORP-ASSETS,Connectix Corporation,0.7475878696944354
COOPER & PETERS INC,Peters,0.7476132094936565
DANGER INC,"Danger, Inc.",1.0
DATALLEGRO INC,"DATAllegro, Inc.",1.0
DESKTOPSTANDARD CORP,A.L.M.T. CORP.,1.0
DIALOGIC CORP,Dialogic Corporation,0.8778013999381984
DIMENSION X INC,"DIMENSION, INC.",1.0
E-STAMP CORP,Stamp S.R.L.,0.9037463475570195
ENGYRO CORP,A.L.M.T. CORP.,1.0
ENTROPIC INC,"Entropic Systems, Inc.",0.9403943663782917
TALKO INC,Talko Inc.,1.0
METANAUTIX INC,"A & V, Inc.",1.0
CYBERX INC,CYBERX ENGINEERING INC.,0.9231049990289397
EXPRESS LOGIC INC,"Logic Express Systems, Inc.",0.9403719055317581
ALLY TECHNOLOGIES INC,"Digital Ally, Inc.",0.8026577873562535
EXOS INC,EXOS GMBH,0.9423292677836519
FASA INTERACTIVE INC(VIRTUAL WORLDS ENTERTAINMENT GROUP INC),"Worlds, Inc.",0.6023787477510426
FARECAST INC,"Farecast, Inc.",1.0
FIREFLY NETWORK INC,"Firefly Network, Inc.",1.0000000000000002
FOX SOFTWARE INC,FOX CORPORATION,0.7322407007515785
FRONTBRIDGE TECHNOLOGIES INC,"B & H Technologies, Inc.",1.0
DEVBIZ BUSINESS SOLUTIONS LLC,"E&C Business Solutions, Inc.",0.9212966032560366
GIANT CO SOFTWARE INC,GIANT S.r.l.,0.7881733244338605
GITHUB INC,"GITHUB, INC.",1.0000000000000002
GREAT PLAINS SOFTWARE INC,"Great Plains Industries, Inc.",0.8360405932931381
GROOVE NETWORKS INC,"Groove Networks, Inc.",1.0000000000000002
CLOUDKNOX SECURITY INC,"CloudKnox Security, Inc.",1.0
THE MARSDEN GROUP INC,THE MARSDEN GROUP,0.9880761725815836
HOTMAIL CORP(MICROSOFT CORP),Microsoft Corporation,0.6885944595545653
INTERACTIVE OBJECTS INC-DIGITAL AUDIO PLAYER TECHNOLOGY,"R-Objects, Inc.",0.5234526729526339
INTERSE CORP,A.L.M.T. CORP.,1.0
JELLYFISH.COM INC,"JELLYFISH RESEARCH LABORATORIES, INC.",0.7351630312552273
JUMP NETWORKS INC,"Jump Technologies, Inc.",0.7871690147234125
KOMOKU INC,"A & V, Inc.",1.0
ACOMPLI INC,"A & V, Inc.",1.0
NETGAMES USA,B.L. USA Inc.,0.943689597606326
INTENTIONAL SOFTWARE CORP,INTENTIONAL SOFTWARE CORPORATION,0.9147093585614534
SEMANTIC MACHINES INC,"Semantic Machines, Inc.",1.0
FUNGIBLE INC,"Fungible, Inc.",1.0
MARKETINGPILOT SOFTWARE LLC,A&B Software LLC,1.0
MASSIVE INC,Massive Incorporated,0.8906121892245611
MEDSTORY INC,"A & V, Inc.",1.0
MESA GROUP INC,"Mesa Technologies, Inc.",0.8299176119910564
MICROSOFT NETWORK LLC{MSN},"Microsoft Technology, LLC.",0.575862599199139
REVOLUTION ANALYTICS INC,"REVOLUTION TECHNOLOGIES, INC.",0.6977803794960307
SUNRISE ATELIER INC,"Sunrise Technologies, Inc.",0.6384755011739298
FLIPGRID INC,"A & V, Inc.",1.0
XANDR INC,Xandr Inc.,1.0
REFIRM LABS INC,"ReFirm Labs, Inc.",1.0
MOBILE TELECOMMUNICATIONS TECHNOLOGIES CORP,Korea Mobile Telecommunications Corp.,0.8074396436070321
MONGOMUSIC INC,"A & V, Inc.",1.0
NTL INC,NTL S.R.L.,0.9835677506048506
NAVISITE INC,"A & V, Inc.",1.0
NETCARTA CORP(CMG INFORMATION SERVICE INC),CMG International B.V.,0.6686250602424973
NETWISE INC,"A & V, Inc.",1.0
NEXTEL COMMUNICATIONS INC,"Nextel Communications, Inc.",1.0000000000000002
NUANCE COMMUNICATIONS INC,"Nuance Communications, Inc.",1.0
NUMINOUS TECHNOLOGIES INC,"B & H Technologies, Inc.",1.0
OMNIBROWSE INC,"A & V, Inc.",1.0
ONE TREE SOFTWARE,"Software Tree, LLC",0.7903413282443765
ONFOLIO INC,"A & V, Inc.",1.0
PACIFIC MICROSONICS INC,"Pacific Microsonics, Inc.",1.0
APIPHANY INC,"A & V, Inc.",1.0
LIVELOOP INC,"LIVELOOP, INC.",1.0
SPOTFRONT INC,"A & V, Inc.",1.0
PARLANO INC,"Parlano, Inc.",1.0
PERCEPTIVE PIXEL INC,"PERCEPTIVE PIXEL, INC.",1.0
PHONEFACTOR INC,"Phonefactor, Inc.",1.0
PLACEWARE INC,"Placeware, Inc.",1.0
POWERSET INC,"Green Powerset Co., LTD",0.8301975235770641
PROGRESSIVE NETWORKS INC,"Progressive Networks, Inc.",1.0
PROCLARITY CORP,ProClarity Corporation,0.89490830447172
QWEST COMMUNICATIONS CORP,Qwest Communications Inc.,0.927422910592772
RAPT INC,RAPT LLC,0.9490593857821875
REALNAMES CORPORATION,RealNames Corporation,1.0
ROSETTA BIOSOFTWARE-CERTAIN ASSETS,Rosetta Technologies Corporation,0.5235229709445621
SALES MANAGEMENT SYSTEMS INC,"D P Sales, Inc.",0.6948463876716533
BEAM,"BEAM, INC.",0.9731054617230401
INXILE ENTERTAINMENT INC,"INXILE ENTERTAINMENT, INC.",1.0
CYCLE COMPUTING LLC,"Cycle Computing, LLC",1.0000000000000002
SUPLARI INC,"A & V, Inc.",1.0
"SAVVIS INC-DATA CENTERS(2), SANTA CLARA,CALIFORNIA",SANTA CLARA UNIVERSITY,0.5590861036720358
SENTILLION INC,"Sentillion, Inc.",1.0
SKYTEL COMMUNICATIONS INC,"SkyTel Communications, Inc.",1.0000000000000002
SOFTWAY SYSTEMS INC,"Softway Industrial Solutions, LLC",0.782228206794325
SOFTRICITY INC,"Softricity, Inc.",1.0
SOURCEGEAR LLC-TEAMPRISE ASSETS,"3 T Assets, LLC",1.0000000000000002
STAC ELECTRONICS INC,"Stac Electronics, Inc.",1.0
STRATATURE INC,"A & V, Inc.",1.0
SYBARI SOFTWARE INC,"G-Software, Inc.",1.0
TELEO INC,"Teleo, Inc.",1.0
TELLME NETWORKS INC,"TellMe Networks, Inc.",1.0
ESHOP INC,"A & V, Inc.",1.0
3DO CO-HIGH HEAT BASEBALL PRODUCT LINE,3DO Company,0.5279985698349323
BLUESTRIPE SOFTWARE INC,"BlueStripe Software, Inc.",1.0000000000000002
BLUETALON INC,"BlueTalon, Inc.",1.0
LOBE ARTIFICIAL INTELLIGENCE INC,"ARTIFICIAL MEDICAL INTELLIGENCE, INC.",0.6592274204453485
FSLOGIX INC,"FSLOGIX, INC.",1.0
UMT-SOFTWARE AND IP ASSETS,IP Assets LLC,0.7754765089907337
TWISTED PIXEL GAMES LLC,"Twisted X, Inc.",0.632447519607387
VXTREME INC,"A & V, Inc.",1.0
VALENCE RESEARCH INC,"Valence Technology, Inc.",0.8718084487337879
VEXCEL CORP,Vexcel Corporation,0.8890202018216543
VISIO CORP,VISIO NERF,0.6566334862909861
WANG LABORATORIES INC,"Wang Laboratories, Inc.",1.0000000000000002
VIDEOSURF INC,"VIDEOSURF, INC.",1.0
NOOK MEDIA LLC,"Nook Industries, Inc.",0.7727829881780196
STORSIMPLE INC,"STORSIMPLE, INC.",1.0
WAVEPHORE INC,"WavePhore, Inc.",1.0
WHALE COMMUNICATIONS LTD,Whale Communications Ltd.,1.0
WINTERNALS SOFTWARE LP,"H-E-B, LP",0.7500522143521394
XDEGREES INC,"A & V, Inc.",1.0
ZENIMAX MEDIA INC,ZeniMax Media Inc.,1.0
YAMMER INC,"Yammer, Inc.",1.0
ADALLOM INC,"Adallom Technologies, Ltd.",0.9160604504368107
INCENT GAMES INC,"G Q Games, Inc.",1.0
BRIGHTBYTES INC-DATASENSE BUSINESS,"J & F BUSINESS, INC.",1.0
USA NETWORKS INC,"4-D Networks, Inc.",0.7545041551242451
APPSHEET INC,"A & V, Inc.",1.0
VELOSTRATA INC,VELOSTRATA LTD.,0.9644010580469038
SOCRATIC INC,"A & V, Inc.",1.0
CAMEYO INC,CAMEYO INC.,1.0
MANDIANT INC,"Mandiant, Inc.",1.0
BRIGHTBYTES INC,"A & V, Inc.",1.0
PROVINO TECHNOLOGIES INC,"PROVINO TECHNOLOGIES, INC.",1.0000000000000002
RAXIUM INC,"RAXIUM, INC.",1.0
LOOKER DATA SCIENCES INC,LOOKER DATA SCIENCES INC.,1.0
RELAY MEDIA INC,"Relay, Inc.",0.8471899995153598
NEVERWARE INC,"A & V, Inc.",1.0
CWIST INC,"A & V, Inc.",1.0
ALOOMA INC,"A & V, Inc.",1.0
ACTIFIO INC,"Actifio, Inc.",1.0
CLOUDSIMPLE INC,"A & V, Inc.",1.0
DEVOPS RESEARCH & ASSESSMENT LLC,"Assessment Systems, Ltd.",0.7756026673929687
STRATOZONE LLC,A-M LLC,1.0
BASIS TECHNOLOGY CORP,Basis Technology Corporation,0.8786188075046064
TWITCH INTERACTIVE INC,"Twitch Interactive, Inc.",1.0000000000000002
CONVERGENCE CORP,"CONVERGENCE, INC.",0.8749785131993901
DRUGSTORE.COM INC,Drugstore.com,0.9889715930648
CANVAS TECHNOLOGY LLC,"Canvas Technology, Inc.",0.9423340253809963
GEOWORKS INC,Geoworks Corporation,0.946006632455913
KIVA SYSTEMS INC,"Kiva Systems, Inc.",1.0
LEXCYCLE INC,"Lexcycle, Inc.",1.0
LIVINGSOCIAL INC,"LIVINGSOCIAL, INC.",1.0
QUIDSI INC,"Quidsi, Inc.",1.0
SHOEFITR INC,"Shoefitr, Inc.",1.0
HOMEAWAY INC,"HomeAway, Inc.",1.0000000000000002
CNEX LABS INC,"CNEX LABS, Inc.",1.0
ART19 INC,"ART19, Inc.",1.0
RENAISSANCE LEARNING INC,"RENAISSANCE LEARNING, INC.",1.0
WEBTV NETWORKS INC,"WebTV Networks, Inc.",1.0
ELEMENTAL TECHNOLOGIES,"Elemental Technologies, Inc.",0.981583628306298
WESTLAND,Westland Corporation,0.9419903224270393
INIT.AI,"INIT, LLC",0.819129098637166
FACIOMETRICS,!Bujubojb!Me,0.0
"ORBITERA, INC.","A & V, Inc.",1.0
6WUNDERKINDER / WUNDERLIST,!Bujubojb!Me,0.0
ALTER,Alter S.R.L.,1.0
VICARIOUS,Vicarious Surgical Inc.,0.8429318677762037
OPEN SOURCE ROBOTICS,Open Ocean Robotics Inc.,0.6626590975346256
PROVINO,"PROVINO TECHNOLOGIES, INC.",0.9355974265112632
IROBOT,iRobot Corporation,0.9573563128356014
ANOBIT,Anobit Technologies Ltd.,0.9293613460170204
P.A. SEMI,"P.A. Semi, Inc.",0.9745161781793995
LATTICE DATA,"LATTICE INDUSTRIES, INC.",0.7518339753408054
NUANCE,"Nuance Corporation, Inc.",0.9312806084642362
